bit_size,hamming_weight,algorithm,k,sample,multiplications,squarings,total_ops
1024,1,binary_lr,,0,1,1024,1025
1024,1,binary_rl,,0,1,1023,1024
1024,1,kary,4,0,269,1020,1289
1024,1,sliding,4,0,7,1024,1031
1024,1,kary,6,0,232,1020,1252
1024,1,sliding,6,0,31,1024,1055
1024,1,binary_lr,,1,1,1024,1025
1024,1,binary_rl,,1,1,1023,1024
1024,1,kary,4,1,269,1020,1289
1024,1,sliding,4,1,7,1024,1031
1024,1,kary,6,1,232,1020,1252
1024,1,sliding,6,1,31,1024,1055
1024,1,binary_lr,,2,1,1024,1025
1024,1,binary_rl,,2,1,1023,1024
1024,1,kary,4,2,269,1020,1289
1024,1,sliding,4,2,7,1024,1031
1024,1,kary,6,2,232,1020,1252
1024,1,sliding,6,2,31,1024,1055
1024,1,binary_lr,,3,1,1024,1025
1024,1,binary_rl,,3,1,1023,1024
1024,1,kary,4,3,269,1020,1289
1024,1,sliding,4,3,7,1024,1031
1024,1,kary,6,3,232,1020,1252
1024,1,sliding,6,3,31,1024,1055
1024,1,binary_lr,,4,1,1024,1025
1024,1,binary_rl,,4,1,1023,1024
1024,1,kary,4,4,269,1020,1289
1024,1,sliding,4,4,7,1024,1031
1024,1,kary,6,4,232,1020,1252
1024,1,sliding,6,4,31,1024,1055
1024,1,binary_lr,,5,1,1024,1025
1024,1,binary_rl,,5,1,1023,1024
1024,1,kary,4,5,269,1020,1289
1024,1,sliding,4,5,7,1024,1031
1024,1,kary,6,5,232,1020,1252
1024,1,sliding,6,5,31,1024,1055
1024,1,binary_lr,,6,1,1024,1025
1024,1,binary_rl,,6,1,1023,1024
1024,1,kary,4,6,269,1020,1289
1024,1,sliding,4,6,7,1024,1031
1024,1,kary,6,6,232,1020,1252
1024,1,sliding,6,6,31,1024,1055
1024,1,binary_lr,,7,1,1024,1025
1024,1,binary_rl,,7,1,1023,1024
1024,1,kary,4,7,269,1020,1289
1024,1,sliding,4,7,7,1024,1031
1024,1,kary,6,7,232,1020,1252
1024,1,sliding,6,7,31,1024,1055
1024,1,binary_lr,,8,1,1024,1025
1024,1,binary_rl,,8,1,1023,1024
1024,1,kary,4,8,269,1020,1289
1024,1,sliding,4,8,7,1024,1031
1024,1,kary,6,8,232,1020,1252
1024,1,sliding,6,8,31,1024,1055
1024,1,binary_lr,,9,1,1024,1025
1024,1,binary_rl,,9,1,1023,1024
1024,1,kary,4,9,269,1020,1289
1024,1,sliding,4,9,7,1024,1031
1024,1,kary,6,9,232,1020,1252
1024,1,sliding,6,9,31,1024,1055
1024,1,binary_lr,,10,1,1024,1025
1024,1,binary_rl,,10,1,1023,1024
1024,1,kary,4,10,269,1020,1289
1024,1,sliding,4,10,7,1024,1031
1024,1,kary,6,10,232,1020,1252
1024,1,sliding,6,10,31,1024,1055
1024,1,binary_lr,,11,1,1024,1025
1024,1,binary_rl,,11,1,1023,1024
1024,1,kary,4,11,269,1020,1289
1024,1,sliding,4,11,7,1024,1031
1024,1,kary,6,11,232,1020,1252
1024,1,sliding,6,11,31,1024,1055
1024,1,binary_lr,,12,1,1024,1025
1024,1,binary_rl,,12,1,1023,1024
1024,1,kary,4,12,269,1020,1289
1024,1,sliding,4,12,7,1024,1031
1024,1,kary,6,12,232,1020,1252
1024,1,sliding,6,12,31,1024,1055
1024,1,binary_lr,,13,1,1024,1025
1024,1,binary_rl,,13,1,1023,1024
1024,1,kary,4,13,269,1020,1289
1024,1,sliding,4,13,7,1024,1031
1024,1,kary,6,13,232,1020,1252
1024,1,sliding,6,13,31,1024,1055
1024,1,binary_lr,,14,1,1024,1025
1024,1,binary_rl,,14,1,1023,1024
1024,1,kary,4,14,269,1020,1289
1024,1,sliding,4,14,7,1024,1031
1024,1,kary,6,14,232,1020,1252
1024,1,sliding,6,14,31,1024,1055
1024,1,binary_lr,,15,1,1024,1025
1024,1,binary_rl,,15,1,1023,1024
1024,1,kary,4,15,269,1020,1289
1024,1,sliding,4,15,7,1024,1031
1024,1,kary,6,15,232,1020,1252
1024,1,sliding,6,15,31,1024,1055
1024,1,binary_lr,,16,1,1024,1025
1024,1,binary_rl,,16,1,1023,1024
1024,1,kary,4,16,269,1020,1289
1024,1,sliding,4,16,7,1024,1031
1024,1,kary,6,16,232,1020,1252
1024,1,sliding,6,16,31,1024,1055
1024,1,binary_lr,,17,1,1024,1025
1024,1,binary_rl,,17,1,1023,1024
1024,1,kary,4,17,269,1020,1289
1024,1,sliding,4,17,7,1024,1031
1024,1,kary,6,17,232,1020,1252
1024,1,sliding,6,17,31,1024,1055
1024,1,binary_lr,,18,1,1024,1025
1024,1,binary_rl,,18,1,1023,1024
1024,1,kary,4,18,269,1020,1289
1024,1,sliding,4,18,7,1024,1031
1024,1,kary,6,18,232,1020,1252
1024,1,sliding,6,18,31,1024,1055
1024,1,binary_lr,,19,1,1024,1025
1024,1,binary_rl,,19,1,1023,1024
1024,1,kary,4,19,269,1020,1289
1024,1,sliding,4,19,7,1024,1031
1024,1,kary,6,19,232,1020,1252
1024,1,sliding,6,19,31,1024,1055
1024,50,binary_lr,,0,50,1024,1074
1024,50,binary_rl,,0,50,1023,1073
1024,50,kary,4,0,269,1020,1289
1024,50,sliding,4,0,52,1024,1076
1024,50,kary,6,0,232,1020,1252
1024,50,sliding,6,0,72,1024,1096
1024,50,binary_lr,,1,50,1024,1074
1024,50,binary_rl,,1,50,1023,1073
1024,50,kary,4,1,269,1020,1289
1024,50,sliding,4,1,54,1024,1078
1024,50,kary,6,1,232,1020,1252
1024,50,sliding,6,1,72,1024,1096
1024,50,binary_lr,,2,50,1024,1074
1024,50,binary_rl,,2,50,1023,1073
1024,50,kary,4,2,269,1020,1289
1024,50,sliding,4,2,50,1024,1074
1024,50,kary,6,2,232,1020,1252
1024,50,sliding,6,2,68,1024,1092
1024,50,binary_lr,,3,50,1024,1074
1024,50,binary_rl,,3,50,1023,1073
1024,50,kary,4,3,269,1020,1289
1024,50,sliding,4,3,49,1024,1073
1024,50,kary,6,3,232,1020,1252
1024,50,sliding,6,3,70,1024,1094
1024,50,binary_lr,,4,50,1024,1074
1024,50,binary_rl,,4,50,1023,1073
1024,50,kary,4,4,269,1020,1289
1024,50,sliding,4,4,49,1024,1073
1024,50,kary,6,4,232,1020,1252
1024,50,sliding,6,4,71,1024,1095
1024,50,binary_lr,,5,50,1024,1074
1024,50,binary_rl,,5,50,1023,1073
1024,50,kary,4,5,269,1020,1289
1024,50,sliding,4,5,53,1024,1077
1024,50,kary,6,5,232,1020,1252
1024,50,sliding,6,5,73,1024,1097
1024,50,binary_lr,,6,50,1024,1074
1024,50,binary_rl,,6,50,1023,1073
1024,50,kary,4,6,269,1020,1289
1024,50,sliding,4,6,49,1024,1073
1024,50,kary,6,6,232,1020,1252
1024,50,sliding,6,6,71,1024,1095
1024,50,binary_lr,,7,50,1024,1074
1024,50,binary_rl,,7,50,1023,1073
1024,50,kary,4,7,269,1020,1289
1024,50,sliding,4,7,53,1024,1077
1024,50,kary,6,7,232,1020,1252
1024,50,sliding,6,7,69,1024,1093
1024,50,binary_lr,,8,50,1024,1074
1024,50,binary_rl,,8,50,1023,1073
1024,50,kary,4,8,269,1020,1289
1024,50,sliding,4,8,52,1024,1076
1024,50,kary,6,8,232,1020,1252
1024,50,sliding,6,8,71,1024,1095
1024,50,binary_lr,,9,50,1024,1074
1024,50,binary_rl,,9,50,1023,1073
1024,50,kary,4,9,269,1020,1289
1024,50,sliding,4,9,52,1024,1076
1024,50,kary,6,9,232,1020,1252
1024,50,sliding,6,9,70,1024,1094
1024,50,binary_lr,,10,50,1024,1074
1024,50,binary_rl,,10,50,1023,1073
1024,50,kary,4,10,269,1020,1289
1024,50,sliding,4,10,50,1024,1074
1024,50,kary,6,10,232,1020,1252
1024,50,sliding,6,10,70,1024,1094
1024,50,binary_lr,,11,50,1024,1074
1024,50,binary_rl,,11,50,1023,1073
1024,50,kary,4,11,269,1020,1289
1024,50,sliding,4,11,51,1024,1075
1024,50,kary,6,11,232,1020,1252
1024,50,sliding,6,11,71,1024,1095
1024,50,binary_lr,,12,50,1024,1074
1024,50,binary_rl,,12,50,1023,1073
1024,50,kary,4,12,269,1020,1289
1024,50,sliding,4,12,51,1024,1075
1024,50,kary,6,12,232,1020,1252
1024,50,sliding,6,12,71,1024,1095
1024,50,binary_lr,,13,50,1024,1074
1024,50,binary_rl,,13,50,1023,1073
1024,50,kary,4,13,269,1020,1289
1024,50,sliding,4,13,47,1024,1071
1024,50,kary,6,13,232,1020,1252
1024,50,sliding,6,13,69,1024,1093
1024,50,binary_lr,,14,50,1024,1074
1024,50,binary_rl,,14,50,1023,1073
1024,50,kary,4,14,269,1020,1289
1024,50,sliding,4,14,51,1024,1075
1024,50,kary,6,14,232,1020,1252
1024,50,sliding,6,14,70,1019,1089
1024,50,binary_lr,,15,50,1024,1074
1024,50,binary_rl,,15,50,1023,1073
1024,50,kary,4,15,269,1020,1289
1024,50,sliding,4,15,48,1024,1072
1024,50,kary,6,15,232,1020,1252
1024,50,sliding,6,15,68,1024,1092
1024,50,binary_lr,,16,50,1024,1074
1024,50,binary_rl,,16,50,1023,1073
1024,50,kary,4,16,269,1020,1289
1024,50,sliding,4,16,53,1024,1077
1024,50,kary,6,16,232,1020,1252
1024,50,sliding,6,16,74,1024,1098
1024,50,binary_lr,,17,50,1024,1074
1024,50,binary_rl,,17,50,1023,1073
1024,50,kary,4,17,269,1020,1289
1024,50,sliding,4,17,48,1024,1072
1024,50,kary,6,17,232,1020,1252
1024,50,sliding,6,17,71,1024,1095
1024,50,binary_lr,,18,50,1024,1074
1024,50,binary_rl,,18,50,1023,1073
1024,50,kary,4,18,269,1020,1289
1024,50,sliding,4,18,47,1024,1071
1024,50,kary,6,18,232,1020,1252
1024,50,sliding,6,18,66,1024,1090
1024,50,binary_lr,,19,50,1024,1074
1024,50,binary_rl,,19,50,1023,1073
1024,50,kary,4,19,269,1020,1289
1024,50,sliding,4,19,53,1024,1077
1024,50,kary,6,19,232,1020,1252
1024,50,sliding,6,19,73,1024,1097
1024,100,binary_lr,,0,100,1024,1124
1024,100,binary_rl,,0,100,1023,1123
1024,100,kary,4,0,269,1020,1289
1024,100,sliding,4,0,82,1024,1106
1024,100,kary,6,0,232,1020,1252
1024,100,sliding,6,0,99,1024,1123
1024,100,binary_lr,,1,100,1024,1124
1024,100,binary_rl,,1,100,1023,1123
1024,100,kary,4,1,269,1020,1289
1024,100,sliding,4,1,81,1024,1105
1024,100,kary,6,1,232,1020,1252
1024,100,sliding,6,1,95,1024,1119
1024,100,binary_lr,,2,100,1024,1124
1024,100,binary_rl,,2,100,1023,1123
1024,100,kary,4,2,269,1020,1289
1024,100,sliding,4,2,86,1023,1109
1024,100,kary,6,2,232,1020,1252
1024,100,sliding,6,2,97,1023,1120
1024,100,binary_lr,,3,100,1024,1124
1024,100,binary_rl,,3,100,1023,1123
1024,100,kary,4,3,269,1020,1289
1024,100,sliding,4,3,83,1024,1107
1024,100,kary,6,3,232,1020,1252
1024,100,sliding,6,3,94,1024,1118
1024,100,binary_lr,,4,100,1024,1124
1024,100,binary_rl,,4,100,1023,1123
1024,100,kary,4,4,269,1020,1289
1024,100,sliding,4,4,79,1021,1100
1024,100,kary,6,4,232,1020,1252
1024,100,sliding,6,4,94,1021,1115
1024,100,binary_lr,,5,100,1024,1124
1024,100,binary_rl,,5,100,1023,1123
1024,100,kary,4,5,269,1020,1289
1024,100,sliding,4,5,84,1024,1108
1024,100,kary,6,5,232,1020,1252
1024,100,sliding,6,5,98,1024,1122
1024,100,binary_lr,,6,100,1024,1124
1024,100,binary_rl,,6,100,1023,1123
1024,100,kary,4,6,269,1020,1289
1024,100,sliding,4,6,82,1024,1106
1024,100,kary,6,6,232,1020,1252
1024,100,sliding,6,6,92,1024,1116
1024,100,binary_lr,,7,100,1024,1124
1024,100,binary_rl,,7,100,1023,1123
1024,100,kary,4,7,269,1020,1289
1024,100,sliding,4,7,87,1024,1111
1024,100,kary,6,7,232,1020,1252
1024,100,sliding,6,7,102,1024,1126
1024,100,binary_lr,,8,100,1024,1124
1024,100,binary_rl,,8,100,1023,1123
1024,100,kary,4,8,269,1020,1289
1024,100,sliding,4,8,83,1024,1107
1024,100,kary,6,8,232,1020,1252
1024,100,sliding,6,8,98,1019,1117
1024,100,binary_lr,,9,100,1024,1124
1024,100,binary_rl,,9,100,1023,1123
1024,100,kary,4,9,269,1020,1289
1024,100,sliding,4,9,82,1024,1106
1024,100,kary,6,9,232,1020,1252
1024,100,sliding,6,9,99,1024,1123
1024,100,binary_lr,,10,100,1024,1124
1024,100,binary_rl,,10,100,1023,1123
1024,100,kary,4,10,269,1020,1289
1024,100,sliding,4,10,79,1022,1101
1024,100,kary,6,10,232,1020,1252
1024,100,sliding,6,10,88,1020,1108
1024,100,binary_lr,,11,100,1024,1124
1024,100,binary_rl,,11,100,1023,1123
1024,100,kary,4,11,269,1020,1289
1024,100,sliding,4,11,87,1024,1111
1024,100,kary,6,11,232,1020,1252
1024,100,sliding,6,11,99,1020,1119
1024,100,binary_lr,,12,100,1024,1124
1024,100,binary_rl,,12,100,1023,1123
1024,100,kary,4,12,269,1020,1289
1024,100,sliding,4,12,82,1024,1106
1024,100,kary,6,12,232,1020,1252
1024,100,sliding,6,12,99,1024,1123
1024,100,binary_lr,,13,100,1024,1124
1024,100,binary_rl,,13,100,1023,1123
1024,100,kary,4,13,269,1020,1289
1024,100,sliding,4,13,77,1024,1101
1024,100,kary,6,13,232,1020,1252
1024,100,sliding,6,13,95,1024,1119
1024,100,binary_lr,,14,100,1024,1124
1024,100,binary_rl,,14,100,1023,1123
1024,100,kary,4,14,269,1020,1289
1024,100,sliding,4,14,78,1024,1102
1024,100,kary,6,14,232,1020,1252
1024,100,sliding,6,14,89,1024,1113
1024,100,binary_lr,,15,100,1024,1124
1024,100,binary_rl,,15,100,1023,1123
1024,100,kary,4,15,269,1020,1289
1024,100,sliding,4,15,80,1024,1104
1024,100,kary,6,15,232,1020,1252
1024,100,sliding,6,15,97,1024,1121
1024,100,binary_lr,,16,100,1024,1124
1024,100,binary_rl,,16,100,1023,1123
1024,100,kary,4,16,269,1020,1289
1024,100,sliding,4,16,82,1022,1104
1024,100,kary,6,16,232,1020,1252
1024,100,sliding,6,16,100,1022,1122
1024,100,binary_lr,,17,100,1024,1124
1024,100,binary_rl,,17,100,1023,1123
1024,100,kary,4,17,269,1020,1289
1024,100,sliding,4,17,82,1024,1106
1024,100,kary,6,17,232,1020,1252
1024,100,sliding,6,17,95,1024,1119
1024,100,binary_lr,,18,100,1024,1124
1024,100,binary_rl,,18,100,1023,1123
1024,100,kary,4,18,269,1020,1289
1024,100,sliding,4,18,80,1021,1101
1024,100,kary,6,18,232,1020,1252
1024,100,sliding,6,18,96,1019,1115
1024,100,binary_lr,,19,100,1024,1124
1024,100,binary_rl,,19,100,1023,1123
1024,100,kary,4,19,269,1020,1289
1024,100,sliding,4,19,88,1024,1112
1024,100,kary,6,19,232,1020,1252
1024,100,sliding,6,19,100,1019,1119
1024,200,binary_lr,,0,200,1024,1224
1024,200,binary_rl,,0,200,1023,1223
1024,200,kary,4,0,269,1020,1289
1024,200,sliding,4,0,133,1021,1154
1024,200,kary,6,0,232,1020,1252
1024,200,sliding,6,0,134,1019,1153
1024,200,binary_lr,,1,200,1024,1224
1024,200,binary_rl,,1,200,1023,1223
1024,200,kary,4,1,269,1020,1289
1024,200,sliding,4,1,136,1022,1158
1024,200,kary,6,1,232,1020,1252
1024,200,sliding,6,1,128,1022,1150
1024,200,binary_lr,,2,200,1024,1224
1024,200,binary_rl,,2,200,1023,1223
1024,200,kary,4,2,269,1020,1289
1024,200,sliding,4,2,130,1024,1154
1024,200,kary,6,2,232,1020,1252
1024,200,sliding,6,2,126,1024,1150
1024,200,binary_lr,,3,200,1024,1224
1024,200,binary_rl,,3,200,1023,1223
1024,200,kary,4,3,269,1020,1289
1024,200,sliding,4,3,134,1024,1158
1024,200,kary,6,3,232,1020,1252
1024,200,sliding,6,3,133,1024,1157
1024,200,binary_lr,,4,200,1024,1224
1024,200,binary_rl,,4,200,1023,1223
1024,200,kary,4,4,269,1020,1289
1024,200,sliding,4,4,136,1021,1157
1024,200,kary,6,4,232,1020,1252
1024,200,sliding,6,4,138,1020,1158
1024,200,binary_lr,,5,200,1024,1224
1024,200,binary_rl,,5,200,1023,1223
1024,200,kary,4,5,269,1020,1289
1024,200,sliding,4,5,128,1024,1152
1024,200,kary,6,5,232,1020,1252
1024,200,sliding,6,5,134,1020,1154
1024,200,binary_lr,,6,200,1024,1224
1024,200,binary_rl,,6,200,1023,1223
1024,200,kary,4,6,269,1020,1289
1024,200,sliding,4,6,139,1022,1161
1024,200,kary,6,6,232,1020,1252
1024,200,sliding,6,6,135,1019,1154
1024,200,binary_lr,,7,200,1024,1224
1024,200,binary_rl,,7,200,1023,1223
1024,200,kary,4,7,269,1020,1289
1024,200,sliding,4,7,133,1023,1156
1024,200,kary,6,7,232,1020,1252
1024,200,sliding,6,7,128,1023,1151
1024,200,binary_lr,,8,200,1024,1224
1024,200,binary_rl,,8,200,1023,1223
1024,200,kary,4,8,269,1020,1289
1024,200,sliding,4,8,133,1024,1157
1024,200,kary,6,8,232,1020,1252
1024,200,sliding,6,8,132,1024,1156
1024,200,binary_lr,,9,200,1024,1224
1024,200,binary_rl,,9,200,1023,1223
1024,200,kary,4,9,269,1020,1289
1024,200,sliding,4,9,143,1021,1164
1024,200,kary,6,9,232,1020,1252
1024,200,sliding,6,9,137,1020,1157
1024,200,binary_lr,,10,200,1024,1224
1024,200,binary_rl,,10,200,1023,1223
1024,200,kary,4,10,269,1020,1289
1024,200,sliding,4,10,133,1021,1154
1024,200,kary,6,10,232,1020,1252
1024,200,sliding,6,10,130,1020,1150
1024,200,binary_lr,,11,200,1024,1224
1024,200,binary_rl,,11,200,1023,1223
1024,200,kary,4,11,269,1020,1289
1024,200,sliding,4,11,135,1023,1158
1024,200,kary,6,11,232,1020,1252
1024,200,sliding,6,11,131,1023,1154
1024,200,binary_lr,,12,200,1024,1224
1024,200,binary_rl,,12,200,1023,1223
1024,200,kary,4,12,269,1020,1289
1024,200,sliding,4,12,133,1021,1154
1024,200,kary,6,12,232,1020,1252
1024,200,sliding,6,12,130,1019,1149
1024,200,binary_lr,,13,200,1024,1224
1024,200,binary_rl,,13,200,1023,1223
1024,200,kary,4,13,269,1020,1289
1024,200,sliding,4,13,136,1022,1158
1024,200,kary,6,13,232,1020,1252
1024,200,sliding,6,13,134,1020,1154
1024,200,binary_lr,,14,200,1024,1224
1024,200,binary_rl,,14,200,1023,1223
1024,200,kary,4,14,269,1020,1289
1024,200,sliding,4,14,134,1024,1158
1024,200,kary,6,14,232,1020,1252
1024,200,sliding,6,14,134,1024,1158
1024,200,binary_lr,,15,200,1024,1224
1024,200,binary_rl,,15,200,1023,1223
1024,200,kary,4,15,269,1020,1289
1024,200,sliding,4,15,135,1024,1159
1024,200,kary,6,15,232,1020,1252
1024,200,sliding,6,15,137,1024,1161
1024,200,binary_lr,,16,200,1024,1224
1024,200,binary_rl,,16,200,1023,1223
1024,200,kary,4,16,269,1020,1289
1024,200,sliding,4,16,129,1022,1151
1024,200,kary,6,16,232,1020,1252
1024,200,sliding,6,16,137,1022,1159
1024,200,binary_lr,,17,200,1024,1224
1024,200,binary_rl,,17,200,1023,1223
1024,200,kary,4,17,269,1020,1289
1024,200,sliding,4,17,129,1021,1150
1024,200,kary,6,17,232,1020,1252
1024,200,sliding,6,17,132,1021,1153
1024,200,binary_lr,,18,200,1024,1224
1024,200,binary_rl,,18,200,1023,1223
1024,200,kary,4,18,269,1020,1289
1024,200,sliding,4,18,125,1023,1148
1024,200,kary,6,18,232,1020,1252
1024,200,sliding,6,18,122,1023,1145
1024,200,binary_lr,,19,200,1024,1224
1024,200,binary_rl,,19,200,1023,1223
1024,200,kary,4,19,269,1020,1289
1024,200,sliding,4,19,131,1024,1155
1024,200,kary,6,19,232,1020,1252
1024,200,sliding,6,19,131,1024,1155
1024,400,binary_lr,,0,400,1024,1424
1024,400,binary_rl,,0,400,1023,1423
1024,400,kary,4,0,269,1020,1289
1024,400,sliding,4,0,191,1022,1213
1024,400,kary,6,0,232,1020,1252
1024,400,sliding,6,0,165,1019,1184
1024,400,binary_lr,,1,400,1024,1424
1024,400,binary_rl,,1,400,1023,1423
1024,400,kary,4,1,269,1020,1289
1024,400,sliding,4,1,190,1022,1212
1024,400,kary,6,1,232,1020,1252
1024,400,sliding,6,1,163,1020,1183
1024,400,binary_lr,,2,400,1024,1424
1024,400,binary_rl,,2,400,1023,1423
1024,400,kary,4,2,269,1020,1289
1024,400,sliding,4,2,189,1021,1210
1024,400,kary,6,2,232,1020,1252
1024,400,sliding,6,2,166,1021,1187
1024,400,binary_lr,,3,400,1024,1424
1024,400,binary_rl,,3,400,1023,1423
1024,400,kary,4,3,269,1020,1289
1024,400,sliding,4,3,193,1021,1214
1024,400,kary,6,3,232,1020,1252
1024,400,sliding,6,3,169,1019,1188
1024,400,binary_lr,,4,400,1024,1424
1024,400,binary_rl,,4,400,1023,1423
1024,400,kary,4,4,269,1020,1289
1024,400,sliding,4,4,198,1021,1219
1024,400,kary,6,4,232,1020,1252
1024,400,sliding,6,4,167,1021,1188
1024,400,binary_lr,,5,400,1024,1424
1024,400,binary_rl,,5,400,1023,1423
1024,400,kary,4,5,269,1020,1289
1024,400,sliding,4,5,195,1023,1218
1024,400,kary,6,5,232,1020,1252
1024,400,sliding,6,5,168,1020,1188
1024,400,binary_lr,,6,400,1024,1424
1024,400,binary_rl,,6,400,1023,1423
1024,400,kary,4,6,269,1020,1289
1024,400,sliding,4,6,183,1021,1204
1024,400,kary,6,6,232,1020,1252
1024,400,sliding,6,6,162,1020,1182
1024,400,binary_lr,,7,400,1024,1424
1024,400,binary_rl,,7,400,1023,1423
1024,400,kary,4,7,269,1020,1289
1024,400,sliding,4,7,194,1021,1215
1024,400,kary,6,7,232,1020,1252
1024,400,sliding,6,7,161,1020,1181
1024,400,binary_lr,,8,400,1024,1424
1024,400,binary_rl,,8,400,1023,1423
1024,400,kary,4,8,269,1020,1289
1024,400,sliding,4,8,187,1022,1209
1024,400,kary,6,8,232,1020,1252
1024,400,sliding,6,8,166,1020,1186
1024,400,binary_lr,,9,400,1024,1424
1024,400,binary_rl,,9,400,1023,1423
1024,400,kary,4,9,269,1020,1289
1024,400,sliding,4,9,195,1021,1216
1024,400,kary,6,9,232,1020,1252
1024,400,sliding,6,9,165,1020,1185
1024,400,binary_lr,,10,400,1024,1424
1024,400,binary_rl,,10,400,1023,1423
1024,400,kary,4,10,269,1020,1289
1024,400,sliding,4,10,190,1021,1211
1024,400,kary,6,10,232,1020,1252
1024,400,sliding,6,10,163,1021,1184
1024,400,binary_lr,,11,400,1024,1424
1024,400,binary_rl,,11,400,1023,1423
1024,400,kary,4,11,269,1020,1289
1024,400,sliding,4,11,203,1024,1227
1024,400,kary,6,11,232,1020,1252
1024,400,sliding,6,11,166,1020,1186
1024,400,binary_lr,,12,400,1024,1424
1024,400,binary_rl,,12,400,1023,1423
1024,400,kary,4,12,269,1020,1289
1024,400,sliding,4,12,190,1021,1211
1024,400,kary,6,12,232,1020,1252
1024,400,sliding,6,12,161,1021,1182
1024,400,binary_lr,,13,400,1024,1424
1024,400,binary_rl,,13,400,1023,1423
1024,400,kary,4,13,269,1020,1289
1024,400,sliding,4,13,194,1022,1216
1024,400,kary,6,13,232,1020,1252
1024,400,sliding,6,13,166,1022,1188
1024,400,binary_lr,,14,400,1024,1424
1024,400,binary_rl,,14,400,1023,1423
1024,400,kary,4,14,269,1020,1289
1024,400,sliding,4,14,187,1022,1209
1024,400,kary,6,14,232,1020,1252
1024,400,sliding,6,14,166,1020,1186
1024,400,binary_lr,,15,400,1024,1424
1024,400,binary_rl,,15,400,1023,1423
1024,400,kary,4,15,269,1020,1289
1024,400,sliding,4,15,192,1021,1213
1024,400,kary,6,15,232,1020,1252
1024,400,sliding,6,15,161,1019,1180
1024,400,binary_lr,,16,400,1024,1424
1024,400,binary_rl,,16,400,1023,1423
1024,400,kary,4,16,269,1020,1289
1024,400,sliding,4,16,191,1021,1212
1024,400,kary,6,16,232,1020,1252
1024,400,sliding,6,16,163,1021,1184
1024,400,binary_lr,,17,400,1024,1424
1024,400,binary_rl,,17,400,1023,1423
1024,400,kary,4,17,269,1020,1289
1024,400,sliding,4,17,191,1023,1214
1024,400,kary,6,17,232,1020,1252
1024,400,sliding,6,17,167,1023,1190
1024,400,binary_lr,,18,400,1024,1424
1024,400,binary_rl,,18,400,1023,1423
1024,400,kary,4,18,269,1020,1289
1024,400,sliding,4,18,198,1022,1220
1024,400,kary,6,18,232,1020,1252
1024,400,sliding,6,18,165,1022,1187
1024,400,binary_lr,,19,400,1024,1424
1024,400,binary_rl,,19,400,1023,1423
1024,400,kary,4,19,269,1020,1289
1024,400,sliding,4,19,190,1023,1213
1024,400,kary,6,19,232,1020,1252
1024,400,sliding,6,19,165,1023,1188
1024,512,binary_lr,,0,512,1024,1536
1024,512,binary_rl,,0,512,1023,1535
1024,512,kary,4,0,269,1020,1289
1024,512,sliding,4,0,214,1022,1236
1024,512,kary,6,0,232,1020,1252
1024,512,sliding,6,0,175,1019,1194
1024,512,binary_lr,,1,512,1024,1536
1024,512,binary_rl,,1,512,1023,1535
1024,512,kary,4,1,269,1020,1289
1024,512,sliding,4,1,209,1021,1230
1024,512,kary,6,1,232,1020,1252
1024,512,sliding,6,1,176,1019,1195
1024,512,binary_lr,,2,512,1024,1536
1024,512,binary_rl,,2,512,1023,1535
1024,512,kary,4,2,269,1020,1289
1024,512,sliding,4,2,211,1021,1232
1024,512,kary,6,2,232,1020,1252
1024,512,sliding,6,2,176,1021,1197
1024,512,binary_lr,,3,512,1024,1536
1024,512,binary_rl,,3,512,1023,1535
1024,512,kary,4,3,269,1020,1289
1024,512,sliding,4,3,217,1023,1240
1024,512,kary,6,3,232,1020,1252
1024,512,sliding,6,3,181,1019,1200
1024,512,binary_lr,,4,512,1024,1536
1024,512,binary_rl,,4,512,1023,1535
1024,512,kary,4,4,269,1020,1289
1024,512,sliding,4,4,211,1021,1232
1024,512,kary,6,4,232,1020,1252
1024,512,sliding,6,4,178,1020,1198
1024,512,binary_lr,,5,512,1024,1536
1024,512,binary_rl,,5,512,1023,1535
1024,512,kary,4,5,269,1020,1289
1024,512,sliding,4,5,206,1021,1227
1024,512,kary,6,5,232,1020,1252
1024,512,sliding,6,5,175,1019,1194
1024,512,binary_lr,,6,512,1024,1536
1024,512,binary_rl,,6,512,1023,1535
1024,512,kary,4,6,269,1020,1289
1024,512,sliding,4,6,214,1022,1236
1024,512,kary,6,6,232,1020,1252
1024,512,sliding,6,6,177,1022,1199
1024,512,binary_lr,,7,512,1024,1536
1024,512,binary_rl,,7,512,1023,1535
1024,512,kary,4,7,269,1020,1289
1024,512,sliding,4,7,210,1024,1234
1024,512,kary,6,7,232,1020,1252
1024,512,sliding,6,7,178,1024,1202
1024,512,binary_lr,,8,512,1024,1536
1024,512,binary_rl,,8,512,1023,1535
1024,512,kary,4,8,269,1020,1289
1024,512,sliding,4,8,213,1021,1234
1024,512,kary,6,8,232,1020,1252
1024,512,sliding,6,8,177,1019,1196
1024,512,binary_lr,,9,512,1024,1536
1024,512,binary_rl,,9,512,1023,1535
1024,512,kary,4,9,269,1020,1289
1024,512,sliding,4,9,215,1022,1237
1024,512,kary,6,9,232,1020,1252
1024,512,sliding,6,9,174,1019,1193
1024,512,binary_lr,,10,512,1024,1536
1024,512,binary_rl,,10,512,1023,1535
1024,512,kary,4,10,269,1020,1289
1024,512,sliding,4,10,219,1021,1240
1024,512,kary,6,10,232,1020,1252
1024,512,sliding,6,10,177,1019,1196
1024,512,binary_lr,,11,512,1024,1536
1024,512,binary_rl,,11,512,1023,1535
1024,512,kary,4,11,269,1020,1289
1024,512,sliding,4,11,212,1022,1234
1024,512,kary,6,11,232,1020,1252
1024,512,sliding,6,11,178,1020,1198
1024,512,binary_lr,,12,512,1024,1536
1024,512,binary_rl,,12,512,1023,1535
1024,512,kary,4,12,269,1020,1289
1024,512,sliding,4,12,214,1021,1235
1024,512,kary,6,12,232,1020,1252
1024,512,sliding,6,12,176,1019,1195
1024,512,binary_lr,,13,512,1024,1536
1024,512,binary_rl,,13,512,1023,1535
1024,512,kary,4,13,269,1020,1289
1024,512,sliding,4,13,212,1023,1235
1024,512,kary,6,13,232,1020,1252
1024,512,sliding,6,13,175,1020,1195
1024,512,binary_lr,,14,512,1024,1536
1024,512,binary_rl,,14,512,1023,1535
1024,512,kary,4,14,269,1020,1289
1024,512,sliding,4,14,214,1022,1236
1024,512,kary,6,14,232,1020,1252
1024,512,sliding,6,14,176,1019,1195
1024,512,binary_lr,,15,512,1024,1536
1024,512,binary_rl,,15,512,1023,1535
1024,512,kary,4,15,269,1020,1289
1024,512,sliding,4,15,218,1021,1239
1024,512,kary,6,15,232,1020,1252
1024,512,sliding,6,15,173,1019,1192
1024,512,binary_lr,,16,512,1024,1536
1024,512,binary_rl,,16,512,1023,1535
1024,512,kary,4,16,269,1020,1289
1024,512,sliding,4,16,216,1023,1239
1024,512,kary,6,16,232,1020,1252
1024,512,sliding,6,16,178,1023,1201
1024,512,binary_lr,,17,512,1024,1536
1024,512,binary_rl,,17,512,1023,1535
1024,512,kary,4,17,269,1020,1289
1024,512,sliding,4,17,209,1022,1231
1024,512,kary,6,17,232,1020,1252
1024,512,sliding,6,17,177,1019,1196
1024,512,binary_lr,,18,512,1024,1536
1024,512,binary_rl,,18,512,1023,1535
1024,512,kary,4,18,269,1020,1289
1024,512,sliding,4,18,215,1021,1236
1024,512,kary,6,18,232,1020,1252
1024,512,sliding,6,18,174,1019,1193
1024,512,binary_lr,,19,512,1024,1536
1024,512,binary_rl,,19,512,1023,1535
1024,512,kary,4,19,269,1020,1289
1024,512,sliding,4,19,218,1024,1242
1024,512,kary,6,19,232,1020,1252
1024,512,sliding,6,19,174,1019,1193
1024,700,binary_lr,,0,700,1024,1724
1024,700,binary_rl,,0,700,1023,1723
1024,700,kary,4,0,269,1020,1289
1024,700,sliding,4,0,236,1022,1258
1024,700,kary,6,0,232,1020,1252
1024,700,sliding,6,0,192,1019,1211
1024,700,binary_lr,,1,700,1024,1724
1024,700,binary_rl,,1,700,1023,1723
1024,700,kary,4,1,269,1020,1289
1024,700,sliding,4,1,235,1024,1259
1024,700,kary,6,1,232,1020,1252
1024,700,sliding,6,1,190,1020,1210
1024,700,binary_lr,,2,700,1024,1724
1024,700,binary_rl,,2,700,1023,1723
1024,700,kary,4,2,269,1020,1289
1024,700,sliding,4,2,235,1021,1256
1024,700,kary,6,2,232,1020,1252
1024,700,sliding,6,2,188,1019,1207
1024,700,binary_lr,,3,700,1024,1724
1024,700,binary_rl,,3,700,1023,1723
1024,700,kary,4,3,269,1020,1289
1024,700,sliding,4,3,232,1021,1253
1024,700,kary,6,3,232,1020,1252
1024,700,sliding,6,3,190,1019,1209
1024,700,binary_lr,,4,700,1024,1724
1024,700,binary_rl,,4,700,1023,1723
1024,700,kary,4,4,269,1020,1289
1024,700,sliding,4,4,233,1021,1254
1024,700,kary,6,4,232,1020,1252
1024,700,sliding,6,4,189,1019,1208
1024,700,binary_lr,,5,700,1024,1724
1024,700,binary_rl,,5,700,1023,1723
1024,700,kary,4,5,269,1020,1289
1024,700,sliding,4,5,233,1022,1255
1024,700,kary,6,5,232,1020,1252
1024,700,sliding,6,5,188,1019,1207
1024,700,binary_lr,,6,700,1024,1724
1024,700,binary_rl,,6,700,1023,1723
1024,700,kary,4,6,269,1020,1289
1024,700,sliding,4,6,234,1021,1255
1024,700,kary,6,6,232,1020,1252
1024,700,sliding,6,6,189,1019,1208
1024,700,binary_lr,,7,700,1024,1724
1024,700,binary_rl,,7,700,1023,1723
1024,700,kary,4,7,269,1020,1289
1024,700,sliding,4,7,236,1021,1257
1024,700,kary,6,7,232,1020,1252
1024,700,sliding,6,7,187,1020,1207
1024,700,binary_lr,,8,700,1024,1724
1024,700,binary_rl,,8,700,1023,1723
1024,700,kary,4,8,269,1020,1289
1024,700,sliding,4,8,233,1022,1255
1024,700,kary,6,8,232,1020,1252
1024,700,sliding,6,8,191,1022,1213
1024,700,binary_lr,,9,700,1024,1724
1024,700,binary_rl,,9,700,1023,1723
1024,700,kary,4,9,269,1020,1289
1024,700,sliding,4,9,234,1023,1257
1024,700,kary,6,9,232,1020,1252
1024,700,sliding,6,9,190,1019,1209
1024,700,binary_lr,,10,700,1024,1724
1024,700,binary_rl,,10,700,1023,1723
1024,700,kary,4,10,269,1020,1289
1024,700,sliding,4,10,237,1021,1258
1024,700,kary,6,10,232,1020,1252
1024,700,sliding,6,10,189,1019,1208
1024,700,binary_lr,,11,700,1024,1724
1024,700,binary_rl,,11,700,1023,1723
1024,700,kary,4,11,269,1020,1289
1024,700,sliding,4,11,237,1022,1259
1024,700,kary,6,11,232,1020,1252
1024,700,sliding,6,11,188,1019,1207
1024,700,binary_lr,,12,700,1024,1724
1024,700,binary_rl,,12,700,1023,1723
1024,700,kary,4,12,269,1020,1289
1024,700,sliding,4,12,239,1021,1260
1024,700,kary,6,12,232,1020,1252
1024,700,sliding,6,12,189,1019,1208
1024,700,binary_lr,,13,700,1024,1724
1024,700,binary_rl,,13,700,1023,1723
1024,700,kary,4,13,269,1020,1289
1024,700,sliding,4,13,239,1021,1260
1024,700,kary,6,13,232,1020,1252
1024,700,sliding,6,13,189,1019,1208
1024,700,binary_lr,,14,700,1024,1724
1024,700,binary_rl,,14,700,1023,1723
1024,700,kary,4,14,269,1020,1289
1024,700,sliding,4,14,239,1021,1260
1024,700,kary,6,14,232,1020,1252
1024,700,sliding,6,14,187,1019,1206
1024,700,binary_lr,,15,700,1024,1724
1024,700,binary_rl,,15,700,1023,1723
1024,700,kary,4,15,269,1020,1289
1024,700,sliding,4,15,236,1021,1257
1024,700,kary,6,15,232,1020,1252
1024,700,sliding,6,15,190,1019,1209
1024,700,binary_lr,,16,700,1024,1724
1024,700,binary_rl,,16,700,1023,1723
1024,700,kary,4,16,269,1020,1289
1024,700,sliding,4,16,235,1021,1256
1024,700,kary,6,16,232,1020,1252
1024,700,sliding,6,16,190,1021,1211
1024,700,binary_lr,,17,700,1024,1724
1024,700,binary_rl,,17,700,1023,1723
1024,700,kary,4,17,269,1020,1289
1024,700,sliding,4,17,239,1021,1260
1024,700,kary,6,17,232,1020,1252
1024,700,sliding,6,17,189,1019,1208
1024,700,binary_lr,,18,700,1024,1724
1024,700,binary_rl,,18,700,1023,1723
1024,700,kary,4,18,269,1020,1289
1024,700,sliding,4,18,237,1021,1258
1024,700,kary,6,18,232,1020,1252
1024,700,sliding,6,18,188,1019,1207
1024,700,binary_lr,,19,700,1024,1724
1024,700,binary_rl,,19,700,1023,1723
1024,700,kary,4,19,269,1020,1289
1024,700,sliding,4,19,237,1021,1258
1024,700,kary,6,19,232,1020,1252
1024,700,sliding,6,19,188,1019,1207
1024,900,binary_lr,,0,900,1024,1924
1024,900,binary_rl,,0,900,1023,1923
1024,900,kary,4,0,269,1020,1289
1024,900,sliding,4,0,255,1021,1276
1024,900,kary,6,0,232,1020,1252
1024,900,sliding,6,0,196,1020,1216
1024,900,binary_lr,,1,900,1024,1924
1024,900,binary_rl,,1,900,1023,1923
1024,900,kary,4,1,269,1020,1289
1024,900,sliding,4,1,255,1021,1276
1024,900,kary,6,1,232,1020,1252
1024,900,sliding,6,1,198,1019,1217
1024,900,binary_lr,,2,900,1024,1924
1024,900,binary_rl,,2,900,1023,1923
1024,900,kary,4,2,269,1020,1289
1024,900,sliding,4,2,253,1022,1275
1024,900,kary,6,2,232,1020,1252
1024,900,sliding,6,2,197,1019,1216
1024,900,binary_lr,,3,900,1024,1924
1024,900,binary_rl,,3,900,1023,1923
1024,900,kary,4,3,269,1020,1289
1024,900,sliding,4,3,254,1021,1275
1024,900,kary,6,3,232,1020,1252
1024,900,sliding,6,3,197,1019,1216
1024,900,binary_lr,,4,900,1024,1924
1024,900,binary_rl,,4,900,1023,1923
1024,900,kary,4,4,269,1020,1289
1024,900,sliding,4,4,253,1022,1275
1024,900,kary,6,4,232,1020,1252
1024,900,sliding,6,4,197,1019,1216
1024,900,binary_lr,,5,900,1024,1924
1024,900,binary_rl,,5,900,1023,1923
1024,900,kary,4,5,269,1020,1289
1024,900,sliding,4,5,257,1021,1278
1024,900,kary,6,5,232,1020,1252
1024,900,sliding,6,5,197,1019,1216
1024,900,binary_lr,,6,900,1024,1924
1024,900,binary_rl,,6,900,1023,1923
1024,900,kary,4,6,269,1020,1289
1024,900,sliding,4,6,254,1021,1275
1024,900,kary,6,6,232,1020,1252
1024,900,sliding,6,6,198,1019,1217
1024,900,binary_lr,,7,900,1024,1924
1024,900,binary_rl,,7,900,1023,1923
1024,900,kary,4,7,269,1020,1289
1024,900,sliding,4,7,254,1022,1276
1024,900,kary,6,7,232,1020,1252
1024,900,sliding,6,7,198,1019,1217
1024,900,binary_lr,,8,900,1024,1924
1024,900,binary_rl,,8,900,1023,1923
1024,900,kary,4,8,269,1020,1289
1024,900,sliding,4,8,254,1021,1275
1024,900,kary,6,8,232,1020,1252
1024,900,sliding,6,8,197,1019,1216
1024,900,binary_lr,,9,900,1024,1924
1024,900,binary_rl,,9,900,1023,1923
1024,900,kary,4,9,269,1020,1289
1024,900,sliding,4,9,257,1021,1278
1024,900,kary,6,9,232,1020,1252
1024,900,sliding,6,9,198,1019,1217
1024,900,binary_lr,,10,900,1024,1924
1024,900,binary_rl,,10,900,1023,1923
1024,900,kary,4,10,269,1020,1289
1024,900,sliding,4,10,254,1022,1276
1024,900,kary,6,10,232,1020,1252
1024,900,sliding,6,10,197,1019,1216
1024,900,binary_lr,,11,900,1024,1924
1024,900,binary_rl,,11,900,1023,1923
1024,900,kary,4,11,269,1020,1289
1024,900,sliding,4,11,253,1021,1274
1024,900,kary,6,11,232,1020,1252
1024,900,sliding,6,11,198,1020,1218
1024,900,binary_lr,,12,900,1024,1924
1024,900,binary_rl,,12,900,1023,1923
1024,900,kary,4,12,269,1020,1289
1024,900,sliding,4,12,253,1021,1274
1024,900,kary,6,12,232,1020,1252
1024,900,sliding,6,12,196,1019,1215
1024,900,binary_lr,,13,900,1024,1924
1024,900,binary_rl,,13,900,1023,1923
1024,900,kary,4,13,269,1020,1289
1024,900,sliding,4,13,252,1021,1273
1024,900,kary,6,13,232,1020,1252
1024,900,sliding,6,13,198,1021,1219
1024,900,binary_lr,,14,900,1024,1924
1024,900,binary_rl,,14,900,1023,1923
1024,900,kary,4,14,269,1020,1289
1024,900,sliding,4,14,252,1021,1273
1024,900,kary,6,14,232,1020,1252
1024,900,sliding,6,14,198,1019,1217
1024,900,binary_lr,,15,900,1024,1924
1024,900,binary_rl,,15,900,1023,1923
1024,900,kary,4,15,269,1020,1289
1024,900,sliding,4,15,252,1021,1273
1024,900,kary,6,15,232,1020,1252
1024,900,sliding,6,15,198,1019,1217
1024,900,binary_lr,,16,900,1024,1924
1024,900,binary_rl,,16,900,1023,1923
1024,900,kary,4,16,269,1020,1289
1024,900,sliding,4,16,253,1021,1274
1024,900,kary,6,16,232,1020,1252
1024,900,sliding,6,16,195,1019,1214
1024,900,binary_lr,,17,900,1024,1924
1024,900,binary_rl,,17,900,1023,1923
1024,900,kary,4,17,269,1020,1289
1024,900,sliding,4,17,257,1022,1279
1024,900,kary,6,17,232,1020,1252
1024,900,sliding,6,17,198,1019,1217
1024,900,binary_lr,,18,900,1024,1924
1024,900,binary_rl,,18,900,1023,1923
1024,900,kary,4,18,269,1020,1289
1024,900,sliding,4,18,256,1021,1277
1024,900,kary,6,18,232,1020,1252
1024,900,sliding,6,18,198,1020,1218
1024,900,binary_lr,,19,900,1024,1924
1024,900,binary_rl,,19,900,1023,1923
1024,900,kary,4,19,269,1020,1289
1024,900,sliding,4,19,255,1021,1276
1024,900,kary,6,19,232,1020,1252
1024,900,sliding,6,19,197,1019,1216
1024,1024,binary_lr,,0,1024,1024,2048
1024,1024,binary_rl,,0,1024,1023,2047
1024,1024,kary,4,0,269,1020,1289
1024,1024,sliding,4,0,262,1021,1283
1024,1024,kary,6,0,232,1020,1252
1024,1024,sliding,6,0,201,1019,1220
1024,1024,binary_lr,,1,1024,1024,2048
1024,1024,binary_rl,,1,1024,1023,2047
1024,1024,kary,4,1,269,1020,1289
1024,1024,sliding,4,1,262,1021,1283
1024,1024,kary,6,1,232,1020,1252
1024,1024,sliding,6,1,201,1019,1220
1024,1024,binary_lr,,2,1024,1024,2048
1024,1024,binary_rl,,2,1024,1023,2047
1024,1024,kary,4,2,269,1020,1289
1024,1024,sliding,4,2,262,1021,1283
1024,1024,kary,6,2,232,1020,1252
1024,1024,sliding,6,2,201,1019,1220
1024,1024,binary_lr,,3,1024,1024,2048
1024,1024,binary_rl,,3,1024,1023,2047
1024,1024,kary,4,3,269,1020,1289
1024,1024,sliding,4,3,262,1021,1283
1024,1024,kary,6,3,232,1020,1252
1024,1024,sliding,6,3,201,1019,1220
1024,1024,binary_lr,,4,1024,1024,2048
1024,1024,binary_rl,,4,1024,1023,2047
1024,1024,kary,4,4,269,1020,1289
1024,1024,sliding,4,4,262,1021,1283
1024,1024,kary,6,4,232,1020,1252
1024,1024,sliding,6,4,201,1019,1220
1024,1024,binary_lr,,5,1024,1024,2048
1024,1024,binary_rl,,5,1024,1023,2047
1024,1024,kary,4,5,269,1020,1289
1024,1024,sliding,4,5,262,1021,1283
1024,1024,kary,6,5,232,1020,1252
1024,1024,sliding,6,5,201,1019,1220
1024,1024,binary_lr,,6,1024,1024,2048
1024,1024,binary_rl,,6,1024,1023,2047
1024,1024,kary,4,6,269,1020,1289
1024,1024,sliding,4,6,262,1021,1283
1024,1024,kary,6,6,232,1020,1252
1024,1024,sliding,6,6,201,1019,1220
1024,1024,binary_lr,,7,1024,1024,2048
1024,1024,binary_rl,,7,1024,1023,2047
1024,1024,kary,4,7,269,1020,1289
1024,1024,sliding,4,7,262,1021,1283
1024,1024,kary,6,7,232,1020,1252
1024,1024,sliding,6,7,201,1019,1220
1024,1024,binary_lr,,8,1024,1024,2048
1024,1024,binary_rl,,8,1024,1023,2047
1024,1024,kary,4,8,269,1020,1289
1024,1024,sliding,4,8,262,1021,1283
1024,1024,kary,6,8,232,1020,1252
1024,1024,sliding,6,8,201,1019,1220
1024,1024,binary_lr,,9,1024,1024,2048
1024,1024,binary_rl,,9,1024,1023,2047
1024,1024,kary,4,9,269,1020,1289
1024,1024,sliding,4,9,262,1021,1283
1024,1024,kary,6,9,232,1020,1252
1024,1024,sliding,6,9,201,1019,1220
1024,1024,binary_lr,,10,1024,1024,2048
1024,1024,binary_rl,,10,1024,1023,2047
1024,1024,kary,4,10,269,1020,1289
1024,1024,sliding,4,10,262,1021,1283
1024,1024,kary,6,10,232,1020,1252
1024,1024,sliding,6,10,201,1019,1220
1024,1024,binary_lr,,11,1024,1024,2048
1024,1024,binary_rl,,11,1024,1023,2047
1024,1024,kary,4,11,269,1020,1289
1024,1024,sliding,4,11,262,1021,1283
1024,1024,kary,6,11,232,1020,1252
1024,1024,sliding,6,11,201,1019,1220
1024,1024,binary_lr,,12,1024,1024,2048
1024,1024,binary_rl,,12,1024,1023,2047
1024,1024,kary,4,12,269,1020,1289
1024,1024,sliding,4,12,262,1021,1283
1024,1024,kary,6,12,232,1020,1252
1024,1024,sliding,6,12,201,1019,1220
1024,1024,binary_lr,,13,1024,1024,2048
1024,1024,binary_rl,,13,1024,1023,2047
1024,1024,kary,4,13,269,1020,1289
1024,1024,sliding,4,13,262,1021,1283
1024,1024,kary,6,13,232,1020,1252
1024,1024,sliding,6,13,201,1019,1220
1024,1024,binary_lr,,14,1024,1024,2048
1024,1024,binary_rl,,14,1024,1023,2047
1024,1024,kary,4,14,269,1020,1289
1024,1024,sliding,4,14,262,1021,1283
1024,1024,kary,6,14,232,1020,1252
1024,1024,sliding,6,14,201,1019,1220
1024,1024,binary_lr,,15,1024,1024,2048
1024,1024,binary_rl,,15,1024,1023,2047
1024,1024,kary,4,15,269,1020,1289
1024,1024,sliding,4,15,262,1021,1283
1024,1024,kary,6,15,232,1020,1252
1024,1024,sliding,6,15,201,1019,1220
1024,1024,binary_lr,,16,1024,1024,2048
1024,1024,binary_rl,,16,1024,1023,2047
1024,1024,kary,4,16,269,1020,1289
1024,1024,sliding,4,16,262,1021,1283
1024,1024,kary,6,16,232,1020,1252
1024,1024,sliding,6,16,201,1019,1220
1024,1024,binary_lr,,17,1024,1024,2048
1024,1024,binary_rl,,17,1024,1023,2047
1024,1024,kary,4,17,269,1020,1289
1024,1024,sliding,4,17,262,1021,1283
1024,1024,kary,6,17,232,1020,1252
1024,1024,sliding,6,17,201,1019,1220
1024,1024,binary_lr,,18,1024,1024,2048
1024,1024,binary_rl,,18,1024,1023,2047
1024,1024,kary,4,18,269,1020,1289
1024,1024,sliding,4,18,262,1021,1283
1024,1024,kary,6,18,232,1020,1252
1024,1024,sliding,6,18,201,1019,1220
1024,1024,binary_lr,,19,1024,1024,2048
1024,1024,binary_rl,,19,1024,1023,2047
1024,1024,kary,4,19,269,1020,1289
1024,1024,sliding,4,19,262,1021,1283
1024,1024,kary,6,19,232,1020,1252
1024,1024,sliding,6,19,201,1019,1220
