bit_size,algorithm,k,sample,multiplications,squarings,total_ops
8,naive,,0,128,0,128
8,binary_lr,,0,1,8,9
8,binary_rl,,0,1,7,8
8,kary,2,0,2,6,8
8,sliding,2,0,1,8,9
8,kary,4,0,14,4,18
8,sliding,4,0,7,8,15
8,kary,6,0,62,6,68
8,sliding,6,0,31,8,39
8,kary,8,0,254,0,254
8,sliding,8,0,127,8,135
8,naive,,1,165,0,165
8,binary_lr,,1,4,8,12
8,binary_rl,,1,4,7,11
8,kary,2,1,5,6,11
8,sliding,2,1,4,8,12
8,kary,4,1,15,4,19
8,sliding,4,1,8,6,14
8,kary,6,1,63,6,69
8,sliding,6,1,32,3,35
8,kary,8,1,254,0,254
8,sliding,8,1,127,1,128
8,naive,,2,226,0,226
8,binary_lr,,2,4,8,12
8,binary_rl,,2,4,7,11
8,kary,2,2,4,6,10
8,sliding,2,2,3,7,10
8,kary,4,2,15,4,19
8,sliding,4,2,8,6,14
8,kary,6,2,63,6,69
8,sliding,6,2,32,6,38
8,kary,8,2,254,0,254
8,sliding,8,2,127,2,129
8,naive,,3,159,0,159
8,binary_lr,,3,6,8,14
8,binary_rl,,3,6,7,13
8,kary,2,3,5,6,11
8,sliding,2,3,4,8,12
8,kary,4,3,15,4,19
8,sliding,4,3,8,5,13
8,kary,6,3,63,6,69
8,sliding,6,3,32,3,35
8,kary,8,3,254,0,254
8,sliding,8,3,127,1,128
8,naive,,4,200,0,200
8,binary_lr,,4,3,8,11
8,binary_rl,,4,3,7,10
8,kary,2,4,3,6,9
8,sliding,2,4,2,7,9
8,kary,4,4,15,4,19
8,sliding,4,4,8,7,15
8,kary,6,4,63,6,69
8,sliding,6,4,31,4,35
8,kary,8,4,254,0,254
8,sliding,8,4,127,4,131
8,naive,,5,215,0,215
8,binary_lr,,5,6,8,14
8,binary_rl,,5,6,7,13
8,kary,2,5,5,6,11
8,sliding,2,5,4,7,11
8,kary,4,5,15,4,19
8,sliding,4,5,8,5,13
8,kary,6,5,63,6,69
8,sliding,6,5,32,3,35
8,kary,8,5,254,0,254
8,sliding,8,5,127,1,128
8,naive,,6,192,0,192
8,binary_lr,,6,2,8,10
8,binary_rl,,6,2,7,9
8,kary,2,6,2,6,8
8,sliding,2,6,1,7,8
8,kary,4,6,14,4,18
8,sliding,4,6,7,7,14
8,kary,6,6,62,6,68
8,sliding,6,6,31,7,38
8,kary,8,6,254,0,254
8,sliding,8,6,127,7,134
8,naive,,7,240,0,240
8,binary_lr,,7,4,8,12
8,binary_rl,,7,4,7,11
8,kary,2,7,3,6,9
8,sliding,2,7,2,7,9
8,kary,4,7,14,4,18
8,sliding,4,7,7,5,12
8,kary,6,7,63,6,69
8,sliding,6,7,31,5,36
8,kary,8,7,254,0,254
8,sliding,8,7,127,5,132
8,naive,,8,157,0,157
8,binary_lr,,8,5,8,13
8,binary_rl,,8,5,7,12
8,kary,2,8,5,6,11
8,sliding,2,8,4,8,12
8,kary,4,8,15,4,19
8,sliding,4,8,8,5,13
8,kary,6,8,63,6,69
8,sliding,6,8,32,3,35
8,kary,8,8,254,0,254
8,sliding,8,8,127,1,128
8,naive,,9,201,0,201
8,binary_lr,,9,4,8,12
8,binary_rl,,9,4,7,11
8,kary,2,9,4,6,10
8,sliding,2,9,3,7,10
8,kary,4,9,15,4,19
8,sliding,4,9,8,7,15
8,kary,6,9,63,6,69
8,sliding,6,9,32,4,36
8,kary,8,9,254,0,254
8,sliding,8,9,127,1,128
8,naive,,10,243,0,243
8,binary_lr,,10,6,8,14
8,binary_rl,,10,6,7,13
8,kary,2,10,4,6,10
8,sliding,2,10,3,7,10
8,kary,4,10,15,4,19
8,sliding,4,10,8,5,13
8,kary,6,10,63,6,69
8,sliding,6,10,32,5,37
8,kary,8,10,254,0,254
8,sliding,8,10,127,1,128
8,naive,,11,173,0,173
8,binary_lr,,11,5,8,13
8,binary_rl,,11,5,7,12
8,kary,2,11,5,6,11
8,sliding,2,11,4,8,12
8,kary,4,11,15,4,19
8,sliding,4,11,8,6,14
8,kary,6,11,63,6,69
8,sliding,6,11,32,3,35
8,kary,8,11,254,0,254
8,sliding,8,11,127,1,128
8,naive,,12,229,0,229
8,binary_lr,,12,5,8,13
8,binary_rl,,12,5,7,12
8,kary,2,12,5,6,11
8,sliding,2,12,4,7,11
8,kary,4,12,15,4,19
8,sliding,4,12,8,6,14
8,kary,6,12,63,6,69
8,sliding,6,12,32,3,35
8,kary,8,12,254,0,254
8,sliding,8,12,127,1,128
8,naive,,13,250,0,250
8,binary_lr,,13,6,8,14
8,binary_rl,,13,6,7,13
8,kary,2,13,5,6,11
8,sliding,2,13,4,7,11
8,kary,4,13,15,4,19
8,sliding,4,13,8,5,13
8,kary,6,13,63,6,69
8,sliding,6,13,32,4,36
8,kary,8,13,254,0,254
8,sliding,8,13,127,2,129
8,naive,,14,219,0,219
8,binary_lr,,14,6,8,14
8,binary_rl,,14,6,7,13
8,kary,2,14,5,6,11
8,sliding,2,14,3,7,10
8,kary,4,14,15,4,19
8,sliding,4,14,8,5,13
8,kary,6,14,63,6,69
8,sliding,6,14,32,4,36
8,kary,8,14,254,0,254
8,sliding,8,14,127,1,128
8,naive,,15,255,0,255
8,binary_lr,,15,8,8,16
8,binary_rl,,15,8,7,15
8,kary,2,15,5,6,11
8,sliding,2,15,4,7,11
8,kary,4,15,15,4,19
8,sliding,4,15,8,5,13
8,kary,6,15,63,6,69
8,sliding,6,15,32,3,35
8,kary,8,15,254,0,254
8,sliding,8,15,127,1,128
8,naive,,16,163,0,163
8,binary_lr,,16,4,8,12
8,binary_rl,,16,4,7,11
8,kary,2,16,4,6,10
8,sliding,2,16,3,8,11
8,kary,4,16,15,4,19
8,sliding,4,16,8,6,14
8,kary,6,16,63,6,69
8,sliding,6,16,32,6,38
8,kary,8,16,254,0,254
8,sliding,8,16,127,1,128
8,naive,,17,150,0,150
8,binary_lr,,17,4,8,12
8,binary_rl,,17,4,7,11
8,kary,2,17,5,6,11
8,sliding,2,17,3,8,11
8,kary,4,17,15,4,19
8,sliding,4,17,8,5,13
8,kary,6,17,63,6,69
8,sliding,6,17,32,3,35
8,kary,8,17,254,0,254
8,sliding,8,17,127,2,129
8,naive,,18,202,0,202
8,binary_lr,,18,4,8,12
8,binary_rl,,18,4,7,11
8,kary,2,18,4,6,10
8,sliding,2,18,3,7,10
8,kary,4,18,15,4,19
8,sliding,4,18,8,7,15
8,kary,6,18,63,6,69
8,sliding,6,18,32,4,36
8,kary,8,18,254,0,254
8,sliding,8,18,127,2,129
8,naive,,19,164,0,164
8,binary_lr,,19,3,8,11
8,binary_rl,,19,3,7,10
8,kary,2,19,4,6,10
8,sliding,2,19,3,8,11
8,kary,4,19,15,4,19
8,sliding,4,19,8,6,14
8,kary,6,19,63,6,69
8,sliding,6,19,31,3,34
8,kary,8,19,254,0,254
8,sliding,8,19,127,3,130
16,naive,,0,46135,0,46135
16,binary_lr,,0,9,16,25
16,binary_rl,,0,9,15,24
16,kary,2,0,7,14,21
16,sliding,2,0,6,16,22
16,kary,4,0,17,12,29
16,sliding,4,0,10,13,23
16,kary,6,0,64,12,76
16,sliding,6,0,32,11,43
16,kary,8,0,255,8,263
16,sliding,8,0,128,11,139
16,naive,,1,53018,0,53018
16,binary_lr,,1,9,16,25
16,binary_rl,,1,9,15,24
16,kary,2,1,7,14,21
16,sliding,2,1,5,15,20
16,kary,4,1,17,12,29
16,sliding,4,1,9,15,24
16,kary,6,1,64,12,76
16,sliding,6,1,33,11,44
16,kary,8,1,255,8,263
16,sliding,8,1,128,9,137
16,naive,,2,56593,0,56593
16,binary_lr,,2,8,16,24
16,binary_rl,,2,8,15,23
16,kary,2,2,7,14,21
16,sliding,2,2,6,15,21
16,kary,4,2,17,12,29
16,sliding,4,2,10,13,23
16,kary,6,2,64,12,76
16,sliding,6,2,33,11,44
16,kary,8,2,255,8,263
16,sliding,8,2,128,9,137
16,naive,,3,38711,0,38711
16,binary_lr,,3,10,16,26
16,binary_rl,,3,10,15,25
16,kary,2,3,8,14,22
16,sliding,2,3,7,16,23
16,kary,4,3,17,12,29
16,sliding,4,3,10,13,23
16,kary,6,3,64,12,76
16,sliding,6,3,33,11,44
16,kary,8,3,255,8,263
16,sliding,8,3,128,9,137
16,naive,,4,38385,0,38385
16,binary_lr,,4,9,16,25
16,binary_rl,,4,9,15,24
16,kary,2,4,8,14,22
16,sliding,2,4,7,16,23
16,kary,4,4,17,12,29
16,sliding,4,4,10,13,23
16,kary,6,4,64,12,76
16,sliding,6,4,33,11,44
16,kary,8,4,255,8,263
16,sliding,8,4,128,9,137
16,naive,,5,56834,0,56834
16,binary_lr,,5,7,16,23
16,binary_rl,,5,7,15,22
16,kary,2,5,6,14,20
16,sliding,2,5,4,15,19
16,kary,4,5,16,12,28
16,sliding,4,5,9,13,22
16,kary,6,5,64,12,76
16,sliding,6,5,33,11,44
16,kary,8,5,255,8,263
16,sliding,8,5,128,10,138
16,naive,,6,33184,0,33184
16,binary_lr,,6,4,16,20
16,binary_rl,,6,4,15,19
16,kary,2,6,5,14,19
16,sliding,2,6,3,16,19
16,kary,4,6,16,12,28
16,sliding,4,6,8,16,24
16,kary,6,6,64,12,76
16,sliding,6,6,32,16,48
16,kary,8,6,255,8,263
16,sliding,8,6,128,9,137
16,naive,,7,56803,0,56803
16,binary_lr,,7,11,16,27
16,binary_rl,,7,11,15,26
16,kary,2,7,8,14,22
16,sliding,2,7,6,15,21
16,kary,4,7,17,12,29
16,sliding,4,7,10,13,23
16,kary,6,7,64,12,76
16,sliding,6,7,33,11,44
16,kary,8,7,255,8,263
16,sliding,8,7,128,9,137
16,naive,,8,58861,0,58861
16,binary_lr,,8,11,16,27
16,binary_rl,,8,11,15,26
16,kary,2,8,9,14,23
16,sliding,2,8,7,15,22
16,kary,4,8,17,12,29
16,sliding,4,8,10,14,24
16,kary,6,8,64,12,76
16,sliding,6,8,33,11,44
16,kary,8,8,255,8,263
16,sliding,8,8,128,9,137
16,naive,,9,49718,0,49718
16,binary_lr,,9,7,16,23
16,binary_rl,,9,7,15,22
16,kary,2,9,6,14,20
16,sliding,2,9,4,15,19
16,kary,4,9,17,12,29
16,sliding,4,9,10,15,25
16,kary,6,9,64,12,76
16,sliding,6,9,33,15,48
16,kary,8,9,255,8,263
16,sliding,8,9,128,10,138
16,naive,,10,36962,0,36962
16,binary_lr,,10,5,16,21
16,binary_rl,,10,5,15,20
16,kary,2,10,6,14,20
16,sliding,2,10,4,16,20
16,kary,4,10,16,12,28
16,sliding,4,10,9,13,22
16,kary,6,10,64,12,76
16,sliding,6,10,32,13,45
16,kary,8,10,255,8,263
16,sliding,8,10,128,13,141
16,naive,,11,33616,0,33616
16,binary_lr,,11,5,16,21
16,binary_rl,,11,5,15,20
16,kary,2,11,5,14,19
16,sliding,2,11,4,16,20
16,kary,4,11,16,12,28
16,sliding,4,11,9,16,25
16,kary,6,11,64,12,76
16,sliding,6,11,32,16,48
16,kary,8,11,255,8,263
16,sliding,8,11,128,9,137
16,naive,,12,37717,0,37717
16,binary_lr,,12,8,16,24
16,binary_rl,,12,8,15,23
16,kary,2,12,8,14,22
16,sliding,2,12,7,16,23
16,kary,4,12,17,12,29
16,sliding,4,12,10,13,23
16,kary,6,12,64,12,76
16,sliding,6,12,33,13,46
16,kary,8,12,255,8,263
16,sliding,8,12,128,9,137
16,naive,,13,53617,0,53617
16,binary_lr,,13,8,16,24
16,binary_rl,,13,8,15,23
16,kary,2,13,7,14,21
16,sliding,2,13,6,15,21
16,kary,4,13,17,12,29
16,sliding,4,13,10,13,23
16,kary,6,13,64,12,76
16,sliding,6,13,33,13,46
16,kary,8,13,255,8,263
16,sliding,8,13,128,9,137
16,naive,,14,58118,0,58118
16,binary_lr,,14,7,16,23
16,binary_rl,,14,7,15,22
16,kary,2,14,6,14,20
16,sliding,2,14,4,15,19
16,kary,4,14,16,12,28
16,sliding,4,14,9,14,23
16,kary,6,14,64,12,76
16,sliding,6,14,33,14,47
16,kary,8,14,255,8,263
16,sliding,8,14,128,9,137
16,naive,,15,47009,0,47009
16,binary_lr,,15,9,16,25
16,binary_rl,,15,9,15,24
16,kary,2,15,8,14,22
16,sliding,2,15,6,16,22
16,kary,4,15,17,12,29
16,sliding,4,15,10,13,23
16,kary,6,15,64,12,76
16,sliding,6,15,33,11,44
16,kary,8,15,255,8,263
16,sliding,8,15,128,9,137
16,naive,,16,63572,0,63572
16,binary_lr,,16,8,16,24
16,binary_rl,,16,8,15,23
16,kary,2,16,7,14,21
16,sliding,2,16,6,15,21
16,kary,4,16,17,12,29
16,sliding,4,16,10,13,23
16,kary,6,16,64,12,76
16,sliding,6,16,32,12,44
16,kary,8,16,255,8,263
16,sliding,8,16,128,12,140
16,naive,,17,57953,0,57953
16,binary_lr,,17,7,16,23
16,binary_rl,,17,7,15,22
16,kary,2,17,7,14,21
16,sliding,2,17,5,15,20
16,kary,4,17,17,12,29
16,sliding,4,17,10,14,24
16,kary,6,17,64,12,76
16,sliding,6,17,33,14,47
16,kary,8,17,255,8,263
16,sliding,8,17,128,10,138
16,naive,,18,41069,0,41069
16,binary_lr,,18,7,16,23
16,binary_rl,,18,7,15,22
16,kary,2,18,7,14,21
16,sliding,2,18,5,16,21
16,kary,4,18,16,12,28
16,sliding,4,18,9,14,23
16,kary,6,18,64,12,76
16,sliding,6,18,33,14,47
16,kary,8,18,255,8,263
16,sliding,8,18,128,14,142
16,naive,,19,44191,0,44191
16,binary_lr,,19,10,16,26
16,binary_rl,,19,10,15,25
16,kary,2,19,8,14,22
16,sliding,2,19,7,16,23
16,kary,4,19,17,12,29
16,sliding,4,19,10,14,24
16,kary,6,19,64,12,76
16,sliding,6,19,33,11,44
16,kary,8,19,255,8,263
16,sliding,8,19,128,11,139
24,binary_lr,,0,15,24,39
24,binary_rl,,0,15,23,38
24,kary,2,0,12,22,34
24,sliding,2,0,10,23,33
24,kary,4,0,19,20,39
24,sliding,4,0,11,22,33
24,kary,6,0,65,18,83
24,sliding,6,0,34,19,53
24,kary,8,0,256,16,272
24,sliding,8,0,129,17,146
24,binary_lr,,1,10,24,34
24,binary_rl,,1,10,23,33
24,kary,2,1,8,22,30
24,sliding,2,1,7,23,30
24,kary,4,1,18,20,38
24,sliding,4,1,11,23,34
24,kary,6,1,65,18,83
24,sliding,6,1,34,23,57
24,kary,8,1,256,16,272
24,sliding,8,1,129,23,152
24,binary_lr,,2,16,24,40
24,binary_rl,,2,16,23,39
24,kary,2,2,12,22,34
24,sliding,2,2,11,24,35
24,kary,4,2,19,20,39
24,sliding,4,2,12,22,34
24,kary,6,2,65,18,83
24,sliding,6,2,34,20,54
24,kary,8,2,256,16,272
24,sliding,8,2,129,17,146
24,binary_lr,,3,12,24,36
24,binary_rl,,3,12,23,35
24,kary,2,3,10,22,32
24,sliding,2,3,8,24,32
24,kary,4,3,19,20,39
24,sliding,4,3,12,24,36
24,kary,6,3,65,18,83
24,sliding,6,3,34,19,53
24,kary,8,3,256,16,272
24,sliding,8,3,129,19,148
24,binary_lr,,4,12,24,36
24,binary_rl,,4,12,23,35
24,kary,2,4,9,22,31
24,sliding,2,4,7,24,31
24,kary,4,4,18,20,38
24,sliding,4,4,11,24,35
24,kary,6,4,65,18,83
24,sliding,6,4,33,24,57
24,kary,8,4,256,16,272
24,sliding,8,4,129,24,153
24,binary_lr,,5,12,24,36
24,binary_rl,,5,12,23,35
24,kary,2,5,9,22,31
24,sliding,2,5,7,23,30
24,kary,4,5,18,20,38
24,sliding,4,5,11,23,34
24,kary,6,5,65,18,83
24,sliding,6,5,34,19,53
24,kary,8,5,256,16,272
24,sliding,8,5,129,18,147
24,binary_lr,,6,18,24,42
24,binary_rl,,6,18,23,41
24,kary,2,6,13,22,35
24,sliding,2,6,12,23,35
24,kary,4,6,19,20,39
24,sliding,4,6,12,22,34
24,kary,6,6,65,18,83
24,sliding,6,6,34,19,53
24,kary,8,6,256,16,272
24,sliding,8,6,129,18,147
24,binary_lr,,7,13,24,37
24,binary_rl,,7,13,23,36
24,kary,2,7,10,22,32
24,sliding,2,7,8,23,31
24,kary,4,7,19,20,39
24,sliding,4,7,11,21,32
24,kary,6,7,65,18,83
24,sliding,6,7,34,19,53
24,kary,8,7,256,16,272
24,sliding,8,7,129,19,148
24,binary_lr,,8,12,24,36
24,binary_rl,,8,12,23,35
24,kary,2,8,11,22,33
24,sliding,2,8,8,24,32
24,kary,4,8,19,20,39
24,sliding,4,8,12,24,36
24,kary,6,8,65,18,83
24,sliding,6,8,34,20,54
24,kary,8,8,256,16,272
24,sliding,8,8,129,20,149
24,binary_lr,,9,15,24,39
24,binary_rl,,9,15,23,38
24,kary,2,9,11,22,33
24,sliding,2,9,9,23,32
24,kary,4,9,19,20,39
24,sliding,4,9,11,21,32
24,kary,6,9,65,18,83
24,sliding,6,9,34,19,53
24,kary,8,9,256,16,272
24,sliding,8,9,129,17,146
24,binary_lr,,10,10,24,34
24,binary_rl,,10,10,23,33
24,kary,2,10,9,22,31
24,sliding,2,10,8,24,32
24,kary,4,10,18,20,38
24,sliding,4,10,11,24,35
24,kary,6,10,65,18,83
24,sliding,6,10,34,19,53
24,kary,8,10,256,16,272
24,sliding,8,10,129,17,146
24,binary_lr,,11,10,24,34
24,binary_rl,,11,10,23,33
24,kary,2,11,8,22,30
24,sliding,2,11,7,23,30
24,kary,4,11,19,20,39
24,sliding,4,11,11,21,32
24,kary,6,11,65,18,83
24,sliding,6,11,34,19,53
24,kary,8,11,256,16,272
24,sliding,8,11,129,19,148
24,binary_lr,,12,11,24,35
24,binary_rl,,12,11,23,34
24,kary,2,12,11,22,33
24,sliding,2,12,8,23,31
24,kary,4,12,19,20,39
24,sliding,4,12,11,23,34
24,kary,6,12,65,18,83
24,sliding,6,12,34,23,57
24,kary,8,12,256,16,272
24,sliding,8,12,129,18,147
24,binary_lr,,13,16,24,40
24,binary_rl,,13,16,23,39
24,kary,2,13,12,22,34
24,sliding,2,13,9,23,32
24,kary,4,13,19,20,39
24,sliding,4,13,12,21,33
24,kary,6,13,65,18,83
24,sliding,6,13,34,19,53
24,kary,8,13,256,16,272
24,sliding,8,13,129,17,146
24,binary_lr,,14,15,24,39
24,binary_rl,,14,15,23,38
24,kary,2,14,12,22,34
24,sliding,2,14,9,23,32
24,kary,4,14,19,20,39
24,sliding,4,14,12,23,35
24,kary,6,14,65,18,83
24,sliding,6,14,34,19,53
24,kary,8,14,256,16,272
24,sliding,8,14,129,18,147
24,binary_lr,,15,12,24,36
24,binary_rl,,15,12,23,35
24,kary,2,15,10,22,32
24,sliding,2,15,9,24,33
24,kary,4,15,18,20,38
24,sliding,4,15,11,22,33
24,kary,6,15,65,18,83
24,sliding,6,15,34,20,54
24,kary,8,15,256,16,272
24,sliding,8,15,129,17,146
24,binary_lr,,16,13,24,37
24,binary_rl,,16,13,23,36
24,kary,2,16,11,22,33
24,sliding,2,16,9,23,32
24,kary,4,16,19,20,39
24,sliding,4,16,12,21,33
24,kary,6,16,65,18,83
24,sliding,6,16,34,19,53
24,kary,8,16,256,16,272
24,sliding,8,16,129,19,148
24,binary_lr,,17,13,24,37
24,binary_rl,,17,13,23,36
24,kary,2,17,11,22,33
24,sliding,2,17,10,23,33
24,kary,4,17,19,20,39
24,sliding,4,17,11,21,32
24,kary,6,17,65,18,83
24,sliding,6,17,34,19,53
24,kary,8,17,256,16,272
24,sliding,8,17,129,17,146
24,binary_lr,,18,11,24,35
24,binary_rl,,18,11,23,34
24,kary,2,18,10,22,32
24,sliding,2,18,8,24,32
24,kary,4,18,18,20,38
24,sliding,4,18,11,21,32
24,kary,6,18,65,18,83
24,sliding,6,18,34,20,54
24,kary,8,18,256,16,272
24,sliding,8,18,129,17,146
24,binary_lr,,19,13,24,37
24,binary_rl,,19,13,23,36
24,kary,2,19,10,22,32
24,sliding,2,19,8,24,32
24,kary,4,19,18,20,38
24,sliding,4,19,11,21,32
24,kary,6,19,64,18,82
24,sliding,6,19,33,19,52
24,kary,8,19,256,16,272
24,sliding,8,19,129,17,146
32,binary_lr,,0,11,32,43
32,binary_rl,,0,11,31,42
32,kary,2,0,10,30,40
32,sliding,2,0,9,31,40
32,kary,4,0,21,28,49
32,sliding,4,0,12,31,43
32,kary,6,0,67,30,97
32,sliding,6,0,35,31,66
32,kary,8,0,257,24,281
32,sliding,8,0,130,26,156
32,binary_lr,,1,19,32,51
32,binary_rl,,1,19,31,50
32,kary,2,1,14,30,44
32,sliding,2,1,12,31,43
32,kary,4,1,21,28,49
32,sliding,4,1,14,29,43
32,kary,6,1,67,30,97
32,sliding,6,1,35,27,62
32,kary,8,1,257,24,281
32,sliding,8,1,130,25,155
32,binary_lr,,2,13,32,45
32,binary_rl,,2,13,31,44
32,kary,2,2,12,30,42
32,sliding,2,2,10,31,41
32,kary,4,2,20,28,48
32,sliding,4,2,13,29,42
32,kary,6,2,67,30,97
32,sliding,6,2,35,27,62
32,kary,8,2,257,24,281
32,sliding,8,2,130,25,155
32,binary_lr,,3,20,32,52
32,binary_rl,,3,20,31,51
32,kary,2,3,14,30,44
32,sliding,2,3,12,31,43
32,kary,4,3,20,28,48
32,sliding,4,3,13,29,42
32,kary,6,3,67,30,97
32,sliding,6,3,35,29,64
32,kary,8,3,257,24,281
32,sliding,8,3,130,29,159
32,binary_lr,,4,18,32,50
32,binary_rl,,4,18,31,49
32,kary,2,4,14,30,44
32,sliding,2,4,12,31,43
32,kary,4,4,21,28,49
32,sliding,4,4,12,30,42
32,kary,6,4,67,30,97
32,sliding,6,4,35,27,62
32,kary,8,4,257,24,281
32,sliding,8,4,130,25,155
32,binary_lr,,5,16,32,48
32,binary_rl,,5,16,31,47
32,kary,2,5,13,30,43
32,sliding,2,5,11,32,43
32,kary,4,5,20,28,48
32,sliding,4,5,13,29,42
32,kary,6,5,67,30,97
32,sliding,6,5,34,28,62
32,kary,8,5,257,24,281
32,sliding,8,5,130,28,158
32,binary_lr,,6,16,32,48
32,binary_rl,,6,16,31,47
32,kary,2,6,13,30,43
32,sliding,2,6,12,32,44
32,kary,4,6,21,28,49
32,sliding,4,6,13,30,43
32,kary,6,6,67,30,97
32,sliding,6,6,35,27,62
32,kary,8,6,257,24,281
32,sliding,8,6,130,25,155
32,binary_lr,,7,16,32,48
32,binary_rl,,7,16,31,47
32,kary,2,7,13,30,43
32,sliding,2,7,11,32,43
32,kary,4,7,21,28,49
32,sliding,4,7,13,32,45
32,kary,6,7,67,30,97
32,sliding,6,7,35,32,67
32,kary,8,7,257,24,281
32,sliding,8,7,130,25,155
32,binary_lr,,8,17,32,49
32,binary_rl,,8,17,31,48
32,kary,2,8,13,30,43
32,sliding,2,8,11,31,42
32,kary,4,8,21,28,49
32,sliding,4,8,12,29,41
32,kary,6,8,67,30,97
32,sliding,6,8,35,29,64
32,kary,8,8,257,24,281
32,sliding,8,8,130,25,155
32,binary_lr,,9,19,32,51
32,binary_rl,,9,19,31,50
32,kary,2,9,14,30,44
32,sliding,2,9,13,31,44
32,kary,4,9,21,28,49
32,sliding,4,9,13,30,43
32,kary,6,9,67,30,97
32,sliding,6,9,35,27,62
32,kary,8,9,257,24,281
32,sliding,8,9,130,26,156
32,binary_lr,,10,14,32,46
32,binary_rl,,10,14,31,45
32,kary,2,10,11,30,41
32,sliding,2,10,9,32,41
32,kary,4,10,20,28,48
32,sliding,4,10,13,29,42
32,kary,6,10,67,30,97
32,sliding,6,10,34,27,61
32,kary,8,10,257,24,281
32,sliding,8,10,130,27,157
32,binary_lr,,11,17,32,49
32,binary_rl,,11,17,31,48
32,kary,2,11,14,30,44
32,sliding,2,11,12,32,44
32,kary,4,11,21,28,49
32,sliding,4,11,13,29,42
32,kary,6,11,67,30,97
32,sliding,6,11,35,27,62
32,kary,8,11,257,24,281
32,sliding,8,11,130,25,155
32,binary_lr,,12,14,32,46
32,binary_rl,,12,14,31,45
32,kary,2,12,12,30,42
32,sliding,2,12,9,31,40
32,kary,4,12,20,28,48
32,sliding,4,12,12,31,43
32,kary,6,12,66,30,96
32,sliding,6,12,35,31,66
32,kary,8,12,257,24,281
32,sliding,8,12,130,31,161
32,binary_lr,,13,12,32,44
32,binary_rl,,13,12,31,43
32,kary,2,13,12,30,42
32,sliding,2,13,11,32,43
32,kary,4,13,21,28,49
32,sliding,4,13,13,30,43
32,kary,6,13,67,30,97
32,sliding,6,13,35,28,63
32,kary,8,13,257,24,281
32,sliding,8,13,130,25,155
32,binary_lr,,14,17,32,49
32,binary_rl,,14,17,31,48
32,kary,2,14,13,30,43
32,sliding,2,14,10,31,41
32,kary,4,14,21,28,49
32,sliding,4,14,13,29,42
32,kary,6,14,67,30,97
32,sliding,6,14,35,28,63
32,kary,8,14,257,24,281
32,sliding,8,14,130,25,155
32,binary_lr,,15,16,32,48
32,binary_rl,,15,16,31,47
32,kary,2,15,12,30,42
32,sliding,2,15,10,31,41
32,kary,4,15,20,28,48
32,sliding,4,15,12,29,41
32,kary,6,15,67,30,97
32,sliding,6,15,35,29,64
32,kary,8,15,257,24,281
32,sliding,8,15,130,29,159
32,binary_lr,,16,15,32,47
32,binary_rl,,16,15,31,46
32,kary,2,16,11,30,41
32,sliding,2,16,10,32,42
32,kary,4,16,20,28,48
32,sliding,4,16,12,29,41
32,kary,6,16,67,30,97
32,sliding,6,16,35,29,64
32,kary,8,16,257,24,281
32,sliding,8,16,130,25,155
32,binary_lr,,17,16,32,48
32,binary_rl,,17,16,31,47
32,kary,2,17,12,30,42
32,sliding,2,17,11,32,43
32,kary,4,17,20,28,48
32,sliding,4,17,12,29,41
32,kary,6,17,67,30,97
32,sliding,6,17,35,29,64
32,kary,8,17,257,24,281
32,sliding,8,17,130,29,159
32,binary_lr,,18,15,32,47
32,binary_rl,,18,15,31,46
32,kary,2,18,13,30,43
32,sliding,2,18,12,32,44
32,kary,4,18,21,28,49
32,sliding,4,18,13,32,45
32,kary,6,18,67,30,97
32,sliding,6,18,35,28,63
32,kary,8,18,257,24,281
32,sliding,8,18,130,25,155
32,binary_lr,,19,13,32,45
32,binary_rl,,19,13,31,44
32,kary,2,19,12,30,42
32,sliding,2,19,10,32,42
32,kary,4,19,20,28,48
32,sliding,4,19,12,29,41
32,kary,6,19,67,30,97
32,sliding,6,19,34,27,61
32,kary,8,19,257,24,281
32,sliding,8,19,130,26,156
64,binary_lr,,0,31,64,95
64,binary_rl,,0,31,63,94
64,kary,2,0,26,62,88
64,sliding,2,0,23,64,87
64,kary,4,0,29,60,89
64,sliding,4,0,20,64,84
64,kary,6,0,72,60,132
64,sliding,6,0,40,64,104
64,kary,8,0,261,56,317
64,sliding,8,0,133,57,190
64,binary_lr,,1,32,64,96
64,binary_rl,,1,32,63,95
64,kary,2,1,25,62,87
64,sliding,2,1,21,63,84
64,kary,4,1,28,60,88
64,sliding,4,1,19,62,81
64,kary,6,1,72,60,132
64,sliding,6,1,38,60,98
64,kary,8,1,261,56,317
64,sliding,8,1,133,57,190
64,binary_lr,,2,30,64,94
64,binary_rl,,2,30,63,93
64,kary,2,2,24,62,86
64,sliding,2,2,20,64,84
64,kary,4,2,28,60,88
64,sliding,4,2,19,61,80
64,kary,6,2,72,60,132
64,sliding,6,2,40,61,101
64,kary,8,2,261,56,317
64,sliding,8,2,133,58,191
64,binary_lr,,3,31,64,95
64,binary_rl,,3,31,63,94
64,kary,2,3,22,62,84
64,sliding,2,3,20,63,83
64,kary,4,3,29,60,89
64,sliding,4,3,18,62,80
64,kary,6,3,72,60,132
64,sliding,6,3,40,62,102
64,kary,8,3,261,56,317
64,sliding,8,3,134,57,191
64,binary_lr,,4,32,64,96
64,binary_rl,,4,32,63,95
64,kary,2,4,27,62,89
64,sliding,2,4,22,63,85
64,kary,4,4,29,60,89
64,sliding,4,4,19,61,80
64,kary,6,4,72,60,132
64,sliding,6,4,40,60,100
64,kary,8,4,261,56,317
64,sliding,8,4,133,58,191
64,binary_lr,,5,24,64,88
64,binary_rl,,5,24,63,87
64,kary,2,5,20,62,82
64,sliding,2,5,18,64,82
64,kary,4,5,27,60,87
64,sliding,4,5,17,64,81
64,kary,6,5,72,60,132
64,sliding,6,5,39,64,103
64,kary,8,5,261,56,317
64,sliding,8,5,133,58,191
64,binary_lr,,6,36,64,100
64,binary_rl,,6,36,63,99
64,kary,2,6,28,62,90
64,sliding,2,6,21,63,84
64,kary,4,6,29,60,89
64,sliding,4,6,20,61,81
64,kary,6,6,72,60,132
64,sliding,6,6,40,61,101
64,kary,8,6,261,56,317
64,sliding,8,6,133,57,190
64,binary_lr,,7,33,64,97
64,binary_rl,,7,33,63,96
64,kary,2,7,25,62,87
64,sliding,2,7,22,63,85
64,kary,4,7,27,60,87
64,sliding,4,7,19,63,82
64,kary,6,7,72,60,132
64,sliding,6,7,40,59,99
64,kary,8,7,261,56,317
64,sliding,8,7,133,58,191
64,binary_lr,,8,33,64,97
64,binary_rl,,8,33,63,96
64,kary,2,8,22,62,84
64,sliding,2,8,20,63,83
64,kary,4,8,26,60,86
64,sliding,4,8,18,62,80
64,kary,6,8,71,60,131
64,sliding,6,8,40,59,99
64,kary,8,8,260,56,316
64,sliding,8,8,133,57,190
64,binary_lr,,9,32,64,96
64,binary_rl,,9,32,63,95
64,kary,2,9,26,62,88
64,sliding,2,9,24,64,88
64,kary,4,9,28,60,88
64,sliding,4,9,20,62,82
64,kary,6,9,72,60,132
64,sliding,6,9,39,59,98
64,kary,8,9,261,56,317
64,sliding,8,9,134,57,191
64,binary_lr,,10,32,64,96
64,binary_rl,,10,32,63,95
64,kary,2,10,22,62,84
64,sliding,2,10,21,64,85
64,kary,4,10,26,60,86
64,sliding,4,10,18,61,79
64,kary,6,10,72,60,132
64,sliding,6,10,39,61,100
64,kary,8,10,261,56,317
64,sliding,8,10,133,58,191
64,binary_lr,,11,31,64,95
64,binary_rl,,11,31,63,94
64,kary,2,11,26,62,88
64,sliding,2,11,24,64,88
64,kary,4,11,28,60,88
64,sliding,4,11,20,64,84
64,kary,6,11,72,60,132
64,sliding,6,11,40,60,100
64,kary,8,11,261,56,317
64,sliding,8,11,134,57,191
64,binary_lr,,12,38,64,102
64,binary_rl,,12,38,63,101
64,kary,2,12,27,62,89
64,sliding,2,12,23,63,86
64,kary,4,12,29,60,89
64,sliding,4,12,20,63,83
64,kary,6,12,72,60,132
64,sliding,6,12,40,63,103
64,kary,8,12,261,56,317
64,sliding,8,12,134,57,191
64,binary_lr,,13,31,64,95
64,binary_rl,,13,31,63,94
64,kary,2,13,26,62,88
64,sliding,2,13,21,64,85
64,kary,4,13,29,60,89
64,sliding,4,13,19,64,83
64,kary,6,13,72,60,132
64,sliding,6,13,40,59,99
64,kary,8,13,261,56,317
64,sliding,8,13,133,57,190
64,binary_lr,,14,30,64,94
64,binary_rl,,14,30,63,93
64,kary,2,14,26,62,88
64,sliding,2,14,23,63,86
64,kary,4,14,28,60,88
64,sliding,4,14,19,61,80
64,kary,6,14,72,60,132
64,sliding,6,14,40,59,99
64,kary,8,14,261,56,317
64,sliding,8,14,133,59,192
64,binary_lr,,15,29,64,93
64,binary_rl,,15,29,63,92
64,kary,2,15,23,62,85
64,sliding,2,15,21,63,84
64,kary,4,15,28,60,88
64,sliding,4,15,19,62,81
64,kary,6,15,72,60,132
64,sliding,6,15,38,59,97
64,kary,8,15,261,56,317
64,sliding,8,15,134,59,193
64,binary_lr,,16,29,64,93
64,binary_rl,,16,29,63,92
64,kary,2,16,24,62,86
64,sliding,2,16,19,63,82
64,kary,4,16,28,60,88
64,sliding,4,16,20,63,83
64,kary,6,16,72,60,132
64,sliding,6,16,40,59,99
64,kary,8,16,261,56,317
64,sliding,8,16,133,58,191
64,binary_lr,,17,35,64,99
64,binary_rl,,17,35,63,98
64,kary,2,17,26,62,88
64,sliding,2,17,20,63,83
64,kary,4,17,28,60,88
64,sliding,4,17,20,61,81
64,kary,6,17,72,60,132
64,sliding,6,17,39,59,98
64,kary,8,17,261,56,317
64,sliding,8,17,133,57,190
64,binary_lr,,18,31,64,95
64,binary_rl,,18,31,63,94
64,kary,2,18,25,62,87
64,sliding,2,18,21,63,84
64,kary,4,18,29,60,89
64,sliding,4,18,20,61,81
64,kary,6,18,72,60,132
64,sliding,6,18,40,59,99
64,kary,8,18,261,56,317
64,sliding,8,18,134,57,191
64,binary_lr,,19,38,64,102
64,binary_rl,,19,38,63,101
64,kary,2,19,27,62,89
64,sliding,2,19,24,64,88
64,kary,4,19,28,60,88
64,sliding,4,19,20,61,81
64,kary,6,19,72,60,132
64,sliding,6,19,40,59,99
64,kary,8,19,261,56,317
64,sliding,8,19,134,58,192
128,binary_lr,,0,66,128,194
128,binary_rl,,0,66,127,193
128,kary,2,0,51,126,177
128,sliding,2,0,45,127,172
128,kary,4,0,44,124,168
128,sliding,4,0,33,127,160
128,kary,6,0,83,126,209
128,sliding,6,0,49,124,173
128,kary,8,0,269,120,389
128,sliding,8,0,141,124,265
128,binary_lr,,1,66,128,194
128,binary_rl,,1,66,127,193
128,kary,2,1,52,126,178
128,sliding,2,1,43,128,171
128,kary,4,1,43,124,167
128,sliding,4,1,33,128,161
128,kary,6,1,83,126,209
128,sliding,6,1,48,123,171
128,kary,8,1,269,120,389
128,sliding,8,1,141,121,262
128,binary_lr,,2,52,128,180
128,binary_rl,,2,52,127,179
128,kary,2,2,44,126,170
128,sliding,2,2,37,128,165
128,kary,4,2,41,124,165
128,sliding,4,2,32,128,160
128,kary,6,2,82,126,208
128,sliding,6,2,48,123,171
128,kary,8,2,268,120,388
128,sliding,8,2,141,122,263
128,binary_lr,,3,66,128,194
128,binary_rl,,3,66,127,193
128,kary,2,3,52,126,178
128,sliding,2,3,45,127,172
128,kary,4,3,44,124,168
128,sliding,4,3,32,127,159
128,kary,6,3,83,126,209
128,sliding,6,3,50,127,177
128,kary,8,3,269,120,389
128,sliding,8,3,141,122,263
128,binary_lr,,4,68,128,196
128,binary_rl,,4,68,127,195
128,kary,2,4,54,126,180
128,sliding,2,4,46,127,173
128,kary,4,4,44,124,168
128,sliding,4,4,35,125,160
128,kary,6,4,83,126,209
128,sliding,6,4,49,123,172
128,kary,8,4,269,120,389
128,sliding,8,4,141,122,263
128,binary_lr,,5,62,128,190
128,binary_rl,,5,62,127,189
128,kary,2,5,48,126,174
128,sliding,2,5,42,127,169
128,kary,4,5,42,124,166
128,sliding,4,5,30,126,156
128,kary,6,5,83,126,209
128,sliding,6,5,48,123,171
128,kary,8,5,269,120,389
128,sliding,8,5,140,121,261
128,binary_lr,,6,72,128,200
128,binary_rl,,6,72,127,199
128,kary,2,6,50,126,176
128,sliding,2,6,44,128,172
128,kary,4,6,43,124,167
128,sliding,4,6,33,125,158
128,kary,6,6,83,126,209
128,sliding,6,6,49,123,172
128,kary,8,6,269,120,389
128,sliding,8,6,141,121,262
128,binary_lr,,7,64,128,192
128,binary_rl,,7,64,127,191
128,kary,2,7,52,126,178
128,sliding,2,7,44,128,172
128,kary,4,7,44,124,168
128,sliding,4,7,33,125,158
128,kary,6,7,83,126,209
128,sliding,6,7,50,124,174
128,kary,8,7,269,120,389
128,sliding,8,7,141,121,262
128,binary_lr,,8,69,128,197
128,binary_rl,,8,69,127,196
128,kary,2,8,52,126,178
128,sliding,2,8,44,127,171
128,kary,4,8,45,124,169
128,sliding,4,8,33,125,158
128,kary,6,8,83,126,209
128,sliding,6,8,48,123,171
128,kary,8,8,269,120,389
128,sliding,8,8,140,122,262
128,binary_lr,,9,68,128,196
128,binary_rl,,9,68,127,195
128,kary,2,9,50,126,176
128,sliding,2,9,44,127,171
128,kary,4,9,42,124,166
128,sliding,4,9,31,126,157
128,kary,6,9,82,126,208
128,sliding,6,9,48,123,171
128,kary,8,9,269,120,389
128,sliding,8,9,141,123,264
128,binary_lr,,10,63,128,191
128,binary_rl,,10,63,127,190
128,kary,2,10,46,126,172
128,sliding,2,10,42,128,170
128,kary,4,10,41,124,165
128,sliding,4,10,32,128,160
128,kary,6,10,82,126,208
128,sliding,6,10,49,123,172
128,kary,8,10,269,120,389
128,sliding,8,10,141,122,263
128,binary_lr,,11,64,128,192
128,binary_rl,,11,64,127,191
128,kary,2,11,54,126,180
128,sliding,2,11,47,127,174
128,kary,4,11,44,124,168
128,sliding,4,11,32,126,158
128,kary,6,11,83,126,209
128,sliding,6,11,50,123,173
128,kary,8,11,269,120,389
128,sliding,8,11,141,121,262
128,binary_lr,,12,67,128,195
128,binary_rl,,12,67,127,194
128,kary,2,12,49,126,175
128,sliding,2,12,43,128,171
128,kary,4,12,43,124,167
128,sliding,4,12,33,125,158
128,kary,6,12,83,126,209
128,sliding,6,12,50,123,173
128,kary,8,12,269,120,389
128,sliding,8,12,141,122,263
128,binary_lr,,13,59,128,187
128,binary_rl,,13,59,127,186
128,kary,2,13,46,126,172
128,sliding,2,13,38,127,165
128,kary,4,13,40,124,164
128,sliding,4,13,30,125,155
128,kary,6,13,82,126,208
128,sliding,6,13,47,124,171
128,kary,8,13,268,120,388
128,sliding,8,13,141,121,262
128,binary_lr,,14,65,128,193
128,binary_rl,,14,65,127,192
128,kary,2,14,49,126,175
128,sliding,2,14,43,128,171
128,kary,4,14,42,124,166
128,sliding,4,14,33,128,161
128,kary,6,14,82,126,208
128,sliding,6,14,48,124,172
128,kary,8,14,269,120,389
128,sliding,8,14,141,122,263
128,binary_lr,,15,69,128,197
128,binary_rl,,15,69,127,196
128,kary,2,15,48,126,174
128,sliding,2,15,46,128,174
128,kary,4,15,42,124,166
128,sliding,4,15,33,126,159
128,kary,6,15,83,126,209
128,sliding,6,15,50,123,173
128,kary,8,15,268,120,388
128,sliding,8,15,141,121,262
128,binary_lr,,16,66,128,194
128,binary_rl,,16,66,127,193
128,kary,2,16,49,126,175
128,sliding,2,16,44,127,171
128,kary,4,16,41,124,165
128,sliding,4,16,32,125,157
128,kary,6,16,83,126,209
128,sliding,6,16,48,125,173
128,kary,8,16,269,120,389
128,sliding,8,16,140,121,261
128,binary_lr,,17,65,128,193
128,binary_rl,,17,65,127,192
128,kary,2,17,49,126,175
128,sliding,2,17,42,128,170
128,kary,4,17,44,124,168
128,sliding,4,17,31,128,159
128,kary,6,17,83,126,209
128,sliding,6,17,49,128,177
128,kary,8,17,269,120,389
128,sliding,8,17,142,121,263
128,binary_lr,,18,63,128,191
128,binary_rl,,18,63,127,190
128,kary,2,18,49,126,175
128,sliding,2,18,43,128,171
128,kary,4,18,43,124,167
128,sliding,4,18,33,128,161
128,kary,6,18,83,126,209
128,sliding,6,18,49,128,177
128,kary,8,18,269,120,389
128,sliding,8,18,141,122,263
128,binary_lr,,19,73,128,201
128,binary_rl,,19,73,127,200
128,kary,2,19,53,126,179
128,sliding,2,19,48,127,175
128,kary,4,19,44,124,168
128,sliding,4,19,31,126,157
128,kary,6,19,83,126,209
128,sliding,6,19,49,123,172
128,kary,8,19,269,120,389
128,sliding,8,19,140,121,261
256,binary_lr,,0,147,256,403
256,binary_rl,,0,147,255,402
256,kary,2,0,108,254,362
256,sliding,2,0,98,255,353
256,kary,4,0,77,252,329
256,sliding,4,0,63,253,316
256,kary,6,0,104,252,356
256,sliding,6,0,69,252,321
256,kary,8,0,285,248,533
256,sliding,8,0,156,249,405
256,binary_lr,,1,135,256,391
256,binary_rl,,1,135,255,390
256,kary,2,1,101,254,355
256,sliding,2,1,87,256,343
256,kary,4,1,74,252,326
256,sliding,4,1,59,253,312
256,kary,6,1,104,252,356
256,sliding,6,1,67,251,318
256,kary,8,1,285,248,533
256,sliding,8,1,156,249,405
256,binary_lr,,2,110,256,366
256,binary_rl,,2,110,255,365
256,kary,2,2,90,254,344
256,sliding,2,2,78,256,334
256,kary,4,2,75,252,327
256,sliding,4,2,57,253,310
256,kary,6,2,104,252,356
256,sliding,6,2,66,252,318
256,kary,8,2,285,248,533
256,sliding,8,2,154,249,403
256,binary_lr,,3,133,256,389
256,binary_rl,,3,133,255,388
256,kary,2,3,100,254,354
256,sliding,2,3,87,256,343
256,kary,4,3,74,252,326
256,sliding,4,3,60,253,313
256,kary,6,3,104,252,356
256,sliding,6,3,68,251,319
256,kary,8,3,285,248,533
256,sliding,8,3,154,249,403
256,binary_lr,,4,133,256,389
256,binary_rl,,4,133,255,388
256,kary,2,4,96,254,350
256,sliding,2,4,88,255,343
256,kary,4,4,72,252,324
256,sliding,4,4,58,254,312
256,kary,6,4,104,252,356
256,sliding,6,4,66,254,320
256,kary,8,4,285,248,533
256,sliding,8,4,156,249,405
256,binary_lr,,5,126,256,382
256,binary_rl,,5,126,255,381
256,kary,2,5,91,254,345
256,sliding,2,5,84,256,340
256,kary,4,5,73,252,325
256,sliding,4,5,56,253,309
256,kary,6,5,104,252,356
256,sliding,6,5,67,252,319
256,kary,8,5,285,248,533
256,sliding,8,5,154,250,404
256,binary_lr,,6,136,256,392
256,binary_rl,,6,136,255,391
256,kary,2,6,109,254,363
256,sliding,2,6,91,256,347
256,kary,4,6,76,252,328
256,sliding,4,6,60,253,313
256,kary,6,6,104,252,356
256,sliding,6,6,68,251,319
256,kary,8,6,285,248,533
256,sliding,8,6,156,249,405
256,binary_lr,,7,135,256,391
256,binary_rl,,7,135,255,390
256,kary,2,7,100,254,354
256,sliding,2,7,91,255,346
256,kary,4,7,76,252,328
256,sliding,4,7,59,253,312
256,kary,6,7,104,252,356
256,sliding,6,7,66,252,318
256,kary,8,7,285,248,533
256,sliding,8,7,156,249,405
256,binary_lr,,8,123,256,379
256,binary_rl,,8,123,255,378
256,kary,2,8,96,254,350
256,sliding,2,8,83,256,339
256,kary,4,8,73,252,325
256,sliding,4,8,60,253,313
256,kary,6,8,103,252,355
256,sliding,6,8,69,251,320
256,kary,8,8,285,248,533
256,sliding,8,8,155,250,405
256,binary_lr,,9,140,256,396
256,binary_rl,,9,140,255,395
256,kary,2,9,103,254,357
256,sliding,2,9,95,256,351
256,kary,4,9,76,252,328
256,sliding,4,9,61,256,317
256,kary,6,9,104,252,356
256,sliding,6,9,68,251,319
256,kary,8,9,285,248,533
256,sliding,8,9,156,249,405
256,binary_lr,,10,129,256,385
256,binary_rl,,10,129,255,384
256,kary,2,10,104,254,358
256,sliding,2,10,84,255,339
256,kary,4,10,76,252,328
256,sliding,4,10,59,253,312
256,kary,6,10,103,252,355
256,sliding,6,10,67,252,319
256,kary,8,10,285,248,533
256,sliding,8,10,155,252,407
256,binary_lr,,11,133,256,389
256,binary_rl,,11,133,255,388
256,kary,2,11,100,254,354
256,sliding,2,11,91,255,346
256,kary,4,11,77,252,329
256,sliding,4,11,58,253,311
256,kary,6,11,104,252,356
256,sliding,6,11,68,252,320
256,kary,8,11,285,248,533
256,sliding,8,11,156,249,405
256,binary_lr,,12,135,256,391
256,binary_rl,,12,135,255,390
256,kary,2,12,99,254,353
256,sliding,2,12,87,256,343
256,kary,4,12,74,252,326
256,sliding,4,12,59,254,313
256,kary,6,12,104,252,356
256,sliding,6,12,67,254,321
256,kary,8,12,285,248,533
256,sliding,8,12,155,249,404
256,binary_lr,,13,124,256,380
256,binary_rl,,13,124,255,379
256,kary,2,13,95,254,349
256,sliding,2,13,85,256,341
256,kary,4,13,76,252,328
256,sliding,4,13,58,253,311
256,kary,6,13,104,252,356
256,sliding,6,13,68,253,321
256,kary,8,13,285,248,533
256,sliding,8,13,155,249,404
256,binary_lr,,14,119,256,375
256,binary_rl,,14,119,255,374
256,kary,2,14,90,254,344
256,sliding,2,14,78,255,333
256,kary,4,14,71,252,323
256,sliding,4,14,54,253,307
256,kary,6,14,101,252,353
256,sliding,6,14,66,251,317
256,kary,8,14,285,248,533
256,sliding,8,14,153,249,402
256,binary_lr,,15,133,256,389
256,binary_rl,,15,133,255,388
256,kary,2,15,101,254,355
256,sliding,2,15,89,256,345
256,kary,4,15,73,252,325
256,sliding,4,15,60,253,313
256,kary,6,15,104,252,356
256,sliding,6,15,68,253,321
256,kary,8,15,285,248,533
256,sliding,8,15,156,253,409
256,binary_lr,,16,132,256,388
256,binary_rl,,16,132,255,387
256,kary,2,16,104,254,358
256,sliding,2,16,88,255,343
256,kary,4,16,76,252,328
256,sliding,4,16,61,253,314
256,kary,6,16,104,252,356
256,sliding,6,16,68,251,319
256,kary,8,16,285,248,533
256,sliding,8,16,156,250,406
256,binary_lr,,17,144,256,400
256,binary_rl,,17,144,255,399
256,kary,2,17,101,254,355
256,sliding,2,17,90,256,346
256,kary,4,17,72,252,324
256,sliding,4,17,59,253,312
256,kary,6,17,104,252,356
256,sliding,6,17,68,251,319
256,kary,8,17,285,248,533
256,sliding,8,17,155,250,405
256,binary_lr,,18,133,256,389
256,binary_rl,,18,133,255,388
256,kary,2,18,99,254,353
256,sliding,2,18,89,256,345
256,kary,4,18,73,252,325
256,sliding,4,18,57,256,313
256,kary,6,18,103,252,355
256,sliding,6,18,68,252,320
256,kary,8,18,285,248,533
256,sliding,8,18,154,250,404
256,binary_lr,,19,124,256,380
256,binary_rl,,19,124,255,379
256,kary,2,19,97,254,351
256,sliding,2,19,86,255,341
256,kary,4,19,74,252,326
256,sliding,4,19,57,253,310
256,kary,6,19,104,252,356
256,sliding,6,19,69,253,322
256,kary,8,19,285,248,533
256,sliding,8,19,156,253,409
512,binary_lr,,0,244,512,756
512,binary_rl,,0,244,511,755
512,kary,2,0,183,510,693
512,sliding,2,0,162,512,674
512,kary,4,0,133,508,641
512,sliding,4,0,107,509,616
512,kary,6,0,146,510,656
512,sliding,6,0,103,508,611
512,kary,8,0,317,504,821
512,sliding,8,0,182,508,690
512,binary_lr,,1,262,512,774
512,binary_rl,,1,262,511,773
512,kary,2,1,198,510,708
512,sliding,2,1,173,511,684
512,kary,4,1,136,508,644
512,sliding,4,1,115,509,624
512,kary,6,1,147,510,657
512,sliding,6,1,105,509,614
512,kary,8,1,317,504,821
512,sliding,8,1,185,509,694
512,binary_lr,,2,253,512,765
512,binary_rl,,2,253,511,764
512,kary,2,2,194,510,704
512,sliding,2,2,171,512,683
512,kary,4,2,128,508,636
512,sliding,4,2,108,512,620
512,kary,6,2,144,510,654
512,sliding,6,2,101,507,608
512,kary,8,2,316,504,820
512,sliding,8,2,180,505,685
512,binary_lr,,3,256,512,768
512,binary_rl,,3,256,511,767
512,kary,2,3,190,510,700
512,sliding,2,3,168,512,680
512,kary,4,3,130,508,638
512,sliding,4,3,106,509,615
512,kary,6,3,144,510,654
512,sliding,6,3,101,507,608
512,kary,8,3,317,504,821
512,sliding,8,3,183,505,688
512,binary_lr,,4,247,512,759
512,binary_rl,,4,247,511,758
512,kary,2,4,187,510,697
512,sliding,2,4,166,511,677
512,kary,4,4,130,508,638
512,sliding,4,4,106,511,617
512,kary,6,4,144,510,654
512,sliding,6,4,102,507,609
512,kary,8,4,316,504,820
512,sliding,8,4,181,506,687
512,binary_lr,,5,271,512,783
512,binary_rl,,5,271,511,782
512,kary,2,5,194,510,704
512,sliding,2,5,178,511,689
512,kary,4,5,135,508,643
512,sliding,4,5,109,511,620
512,kary,6,5,147,510,657
512,sliding,6,5,104,507,611
512,kary,8,5,317,504,821
512,sliding,8,5,184,507,691
512,binary_lr,,6,256,512,768
512,binary_rl,,6,256,511,767
512,kary,2,6,192,510,702
512,sliding,2,6,172,512,684
512,kary,4,6,137,508,645
512,sliding,4,6,107,510,617
512,kary,6,6,145,510,655
512,sliding,6,6,104,508,612
512,kary,8,6,317,504,821
512,sliding,8,6,182,506,688
512,binary_lr,,7,245,512,757
512,binary_rl,,7,245,511,756
512,kary,2,7,194,510,704
512,sliding,2,7,174,512,686
512,kary,4,7,134,508,642
512,sliding,4,7,108,512,620
512,kary,6,7,147,510,657
512,sliding,6,7,105,507,612
512,kary,8,7,316,504,820
512,sliding,8,7,183,507,690
512,binary_lr,,8,247,512,759
512,binary_rl,,8,247,511,758
512,kary,2,8,186,510,696
512,sliding,2,8,162,511,673
512,kary,4,8,130,508,638
512,sliding,4,8,106,509,615
512,kary,6,8,145,510,655
512,sliding,6,8,103,509,612
512,kary,8,8,317,504,821
512,sliding,8,8,180,509,689
512,binary_lr,,9,248,512,760
512,binary_rl,,9,248,511,759
512,kary,2,9,195,510,705
512,sliding,2,9,165,511,676
512,kary,4,9,130,508,638
512,sliding,4,9,106,511,617
512,kary,6,9,145,510,655
512,sliding,6,9,101,507,608
512,kary,8,9,317,504,821
512,sliding,8,9,182,505,687
512,binary_lr,,10,250,512,762
512,binary_rl,,10,250,511,761
512,kary,2,10,189,510,699
512,sliding,2,10,170,511,681
512,kary,4,10,130,508,638
512,sliding,4,10,110,511,621
512,kary,6,10,146,510,656
512,sliding,6,10,104,508,612
512,kary,8,10,317,504,821
512,sliding,8,10,182,505,687
512,binary_lr,,11,243,512,755
512,binary_rl,,11,243,511,754
512,kary,2,11,183,510,693
512,sliding,2,11,166,512,678
512,kary,4,11,129,508,637
512,sliding,4,11,105,509,614
512,kary,6,11,145,510,655
512,sliding,6,11,102,507,609
512,kary,8,11,317,504,821
512,sliding,8,11,181,506,687
512,binary_lr,,12,252,512,764
512,binary_rl,,12,252,511,763
512,kary,2,12,185,510,695
512,sliding,2,12,162,511,673
512,kary,4,12,131,508,639
512,sliding,4,12,107,510,617
512,kary,6,12,146,510,656
512,sliding,6,12,103,507,610
512,kary,8,12,317,504,821
512,sliding,8,12,183,506,689
512,binary_lr,,13,260,512,772
512,binary_rl,,13,260,511,771
512,kary,2,13,195,510,705
512,sliding,2,13,174,511,685
512,kary,4,13,135,508,643
512,sliding,4,13,112,510,622
512,kary,6,13,147,510,657
512,sliding,6,13,107,510,617
512,kary,8,13,317,504,821
512,sliding,8,13,184,510,694
512,binary_lr,,14,253,512,765
512,binary_rl,,14,253,511,764
512,kary,2,14,194,510,704
512,sliding,2,14,171,512,683
512,kary,4,14,133,508,641
512,sliding,4,14,107,509,616
512,kary,6,14,146,510,656
512,sliding,6,14,102,509,611
512,kary,8,14,315,504,819
512,sliding,8,14,183,509,692
512,binary_lr,,15,260,512,772
512,binary_rl,,15,260,511,771
512,kary,2,15,190,510,700
512,sliding,2,15,167,511,678
512,kary,4,15,127,508,635
512,sliding,4,15,105,509,614
512,kary,6,15,142,510,652
512,sliding,6,15,103,507,610
512,kary,8,15,316,504,820
512,sliding,8,15,180,505,685
512,binary_lr,,16,279,512,791
512,binary_rl,,16,279,511,790
512,kary,2,16,208,510,718
512,sliding,2,16,180,512,692
512,kary,4,16,135,508,643
512,sliding,4,16,114,510,624
512,kary,6,16,146,510,656
512,sliding,6,16,106,510,616
512,kary,8,16,316,504,820
512,sliding,8,16,184,505,689
512,binary_lr,,17,250,512,762
512,binary_rl,,17,250,511,761
512,kary,2,17,195,510,705
512,sliding,2,17,168,511,679
512,kary,4,17,131,508,639
512,sliding,4,17,107,509,616
512,kary,6,17,146,510,656
512,sliding,6,17,102,508,610
512,kary,8,17,317,504,821
512,sliding,8,17,184,505,689
512,binary_lr,,18,246,512,758
512,binary_rl,,18,246,511,757
512,kary,2,18,183,510,693
512,sliding,2,18,168,511,679
512,kary,4,18,126,508,634
512,sliding,4,18,107,509,616
512,kary,6,18,143,510,653
512,sliding,6,18,102,507,609
512,kary,8,18,315,504,819
512,sliding,8,18,183,505,688
512,binary_lr,,19,256,512,768
512,binary_rl,,19,256,511,767
512,kary,2,19,189,510,699
512,sliding,2,19,173,512,685
512,kary,4,19,134,508,642
512,sliding,4,19,109,512,621
512,kary,6,19,147,510,657
512,sliding,6,19,105,507,612
512,kary,8,19,317,504,821
512,sliding,8,19,184,507,691
1024,binary_lr,,0,498,1024,1522
1024,binary_rl,,0,498,1023,1521
1024,kary,2,0,374,1022,1396
1024,sliding,2,0,337,1023,1360
1024,kary,4,0,250,1020,1270
1024,sliding,4,0,211,1021,1232
1024,kary,6,0,230,1020,1250
1024,sliding,6,0,175,1020,1195
1024,kary,8,0,381,1016,1397
1024,sliding,8,0,238,1017,1255
1024,binary_lr,,1,496,1024,1520
1024,binary_rl,,1,496,1023,1519
1024,kary,2,1,378,1022,1400
1024,sliding,2,1,331,1024,1355
1024,kary,4,1,249,1020,1269
1024,sliding,4,1,204,1021,1225
1024,kary,6,1,226,1020,1246
1024,sliding,6,1,176,1021,1197
1024,kary,8,1,381,1016,1397
1024,sliding,8,1,237,1017,1254
1024,binary_lr,,2,527,1024,1551
1024,binary_rl,,2,527,1023,1550
1024,kary,2,2,398,1022,1420
1024,sliding,2,2,351,1023,1374
1024,kary,4,2,259,1020,1279
1024,sliding,4,2,211,1021,1232
1024,kary,6,2,231,1020,1251
1024,sliding,6,2,179,1019,1198
1024,kary,8,2,381,1016,1397
1024,sliding,8,2,244,1019,1263
1024,binary_lr,,3,533,1024,1557
1024,binary_rl,,3,533,1023,1556
1024,kary,2,3,396,1022,1418
1024,sliding,2,3,356,1023,1379
1024,kary,4,3,258,1020,1278
1024,sliding,4,3,218,1023,1241
1024,kary,6,3,229,1020,1249
1024,sliding,6,3,177,1019,1196
1024,kary,8,3,381,1016,1397
1024,sliding,8,3,240,1019,1259
1024,binary_lr,,4,517,1024,1541
1024,binary_rl,,4,517,1023,1540
1024,kary,2,4,385,1022,1407
1024,sliding,2,4,339,1023,1362
1024,kary,4,4,249,1020,1269
1024,sliding,4,4,211,1023,1234
1024,kary,6,4,227,1020,1247
1024,sliding,6,4,175,1019,1194
1024,kary,8,4,379,1016,1395
1024,sliding,8,4,239,1018,1257
1024,binary_lr,,5,528,1024,1552
1024,binary_rl,,5,528,1023,1551
1024,kary,2,5,390,1022,1412
1024,sliding,2,5,346,1023,1369
1024,kary,4,5,255,1020,1275
1024,sliding,4,5,213,1022,1235
1024,kary,6,5,229,1020,1249
1024,sliding,6,5,182,1019,1201
1024,kary,8,5,381,1016,1397
1024,sliding,8,5,243,1019,1262
1024,binary_lr,,6,494,1024,1518
1024,binary_rl,,6,494,1023,1517
1024,kary,2,6,369,1022,1391
1024,sliding,2,6,330,1023,1353
1024,kary,4,6,251,1020,1271
1024,sliding,4,6,209,1021,1230
1024,kary,6,6,229,1020,1249
1024,sliding,6,6,178,1019,1197
1024,kary,8,6,381,1016,1397
1024,sliding,8,6,238,1017,1255
1024,binary_lr,,7,513,1024,1537
1024,binary_rl,,7,513,1023,1536
1024,kary,2,7,382,1022,1404
1024,sliding,2,7,347,1024,1371
1024,kary,4,7,252,1020,1272
1024,sliding,4,7,211,1021,1232
1024,kary,6,7,229,1020,1249
1024,sliding,6,7,180,1019,1199
1024,kary,8,7,381,1016,1397
1024,sliding,8,7,238,1019,1257
1024,binary_lr,,8,497,1024,1521
1024,binary_rl,,8,497,1023,1520
1024,kary,2,8,374,1022,1396
1024,sliding,2,8,334,1023,1357
1024,kary,4,8,244,1020,1264
1024,sliding,4,8,203,1021,1224
1024,kary,6,8,228,1020,1248
1024,sliding,6,8,176,1019,1195
1024,kary,8,8,379,1016,1395
1024,sliding,8,8,239,1018,1257
1024,binary_lr,,9,474,1024,1498
1024,binary_rl,,9,474,1023,1497
1024,kary,2,9,357,1022,1379
1024,sliding,2,9,326,1023,1349
1024,kary,4,9,246,1020,1266
1024,sliding,4,9,203,1022,1225
1024,kary,6,9,230,1020,1250
1024,sliding,6,9,172,1019,1191
1024,kary,8,9,381,1016,1397
1024,sliding,8,9,239,1017,1256
1024,binary_lr,,10,512,1024,1536
1024,binary_rl,,10,512,1023,1535
1024,kary,2,10,388,1022,1410
1024,sliding,2,10,337,1024,1361
1024,kary,4,10,255,1020,1275
1024,sliding,4,10,211,1024,1235
1024,kary,6,10,230,1020,1250
1024,sliding,6,10,175,1020,1195
1024,kary,8,10,381,1016,1397
1024,sliding,8,10,240,1020,1260
1024,binary_lr,,11,514,1024,1538
1024,binary_rl,,11,514,1023,1537
1024,kary,2,11,390,1022,1412
1024,sliding,2,11,347,1023,1370
1024,kary,4,11,249,1020,1269
1024,sliding,4,11,214,1021,1235
1024,kary,6,11,230,1020,1250
1024,sliding,6,11,178,1019,1197
1024,kary,8,11,380,1016,1396
1024,sliding,8,11,242,1017,1259
1024,binary_lr,,12,507,1024,1531
1024,binary_rl,,12,507,1023,1530
1024,kary,2,12,382,1022,1404
1024,sliding,2,12,341,1024,1365
1024,kary,4,12,253,1020,1273
1024,sliding,4,12,208,1021,1229
1024,kary,6,12,228,1020,1248
1024,sliding,6,12,176,1019,1195
1024,kary,8,12,381,1016,1397
1024,sliding,8,12,239,1017,1256
1024,binary_lr,,13,525,1024,1549
1024,binary_rl,,13,525,1023,1548
1024,kary,2,13,393,1022,1415
1024,sliding,2,13,352,1024,1376
1024,kary,4,13,256,1020,1276
1024,sliding,4,13,218,1021,1239
1024,kary,6,13,232,1020,1252
1024,sliding,6,13,177,1021,1198
1024,kary,8,13,381,1016,1397
1024,sliding,8,13,239,1017,1256
1024,binary_lr,,14,492,1024,1516
1024,binary_rl,,14,492,1023,1515
1024,kary,2,14,380,1022,1402
1024,sliding,2,14,338,1024,1362
1024,kary,4,14,254,1020,1274
1024,sliding,4,14,210,1021,1231
1024,kary,6,14,231,1020,1251
1024,sliding,6,14,178,1020,1198
1024,kary,8,14,381,1016,1397
1024,sliding,8,14,239,1020,1259
1024,binary_lr,,15,516,1024,1540
1024,binary_rl,,15,516,1023,1539
1024,kary,2,15,382,1022,1404
1024,sliding,2,15,348,1024,1372
1024,kary,4,15,258,1020,1278
1024,sliding,4,15,212,1021,1233
1024,kary,6,15,231,1020,1251
1024,sliding,6,15,178,1021,1199
1024,kary,8,15,381,1016,1397
1024,sliding,8,15,239,1017,1256
1024,binary_lr,,16,502,1024,1526
1024,binary_rl,,16,502,1023,1525
1024,kary,2,16,383,1022,1405
1024,sliding,2,16,338,1023,1361
1024,kary,4,16,256,1020,1276
1024,sliding,4,16,210,1022,1232
1024,kary,6,16,231,1020,1251
1024,sliding,6,16,179,1019,1198
1024,kary,8,16,381,1016,1397
1024,sliding,8,16,238,1018,1256
1024,binary_lr,,17,495,1024,1519
1024,binary_rl,,17,495,1023,1518
1024,kary,2,17,375,1022,1397
1024,sliding,2,17,334,1023,1357
1024,kary,4,17,244,1020,1264
1024,sliding,4,17,208,1021,1229
1024,kary,6,17,226,1020,1246
1024,sliding,6,17,173,1020,1193
1024,kary,8,17,381,1016,1397
1024,sliding,8,17,238,1017,1255
1024,binary_lr,,18,507,1024,1531
1024,binary_rl,,18,507,1023,1530
1024,kary,2,18,381,1022,1403
1024,sliding,2,18,346,1024,1370
1024,kary,4,18,257,1020,1277
1024,sliding,4,18,207,1024,1231
1024,kary,6,18,230,1020,1250
1024,sliding,6,18,176,1020,1196
1024,kary,8,18,380,1016,1396
1024,sliding,8,18,236,1018,1254
1024,binary_lr,,19,520,1024,1544
1024,binary_rl,,19,520,1023,1543
1024,kary,2,19,395,1022,1417
1024,sliding,2,19,339,1023,1362
1024,kary,4,19,256,1020,1276
1024,sliding,4,19,210,1022,1232
1024,kary,6,19,229,1020,1249
1024,sliding,6,19,179,1019,1198
1024,kary,8,19,380,1016,1396
1024,sliding,8,19,240,1018,1258
2048,binary_lr,,0,1051,2048,3099
2048,binary_rl,,0,1051,2047,3098
2048,kary,2,0,772,2046,2818
2048,sliding,2,0,691,2048,2739
2048,kary,4,0,501,2044,2545
2048,sliding,4,0,421,2046,2467
2048,kary,6,0,400,2046,2446
2048,sliding,6,0,328,2043,2371
2048,kary,8,0,509,2040,2549
2048,sliding,8,0,359,2042,2401
2048,binary_lr,,1,1017,2048,3065
2048,binary_rl,,1,1017,2047,3064
2048,kary,2,1,761,2046,2807
2048,sliding,2,1,670,2048,2718
2048,kary,4,1,488,2044,2532
2048,sliding,4,1,411,2045,2456
2048,kary,6,1,396,2046,2442
2048,sliding,6,1,324,2043,2367
2048,kary,8,1,508,2040,2548
2048,sliding,8,1,354,2041,2395
2048,binary_lr,,2,1034,2048,3082
2048,binary_rl,,2,1034,2047,3081
2048,kary,2,2,767,2046,2813
2048,sliding,2,2,675,2048,2723
2048,kary,4,2,492,2044,2536
2048,sliding,4,2,411,2048,2459
2048,kary,6,2,397,2046,2443
2048,sliding,6,2,320,2044,2364
2048,kary,8,2,509,2040,2549
2048,sliding,8,2,351,2041,2392
2048,binary_lr,,3,1061,2048,3109
2048,binary_rl,,3,1061,2047,3108
2048,kary,2,3,795,2046,2841
2048,sliding,2,3,704,2047,2751
2048,kary,4,3,505,2044,2549
2048,sliding,4,3,430,2045,2475
2048,kary,6,3,399,2046,2445
2048,sliding,6,3,331,2043,2374
2048,kary,8,3,509,2040,2549
2048,sliding,8,3,353,2041,2394
2048,binary_lr,,4,1021,2048,3069
2048,binary_rl,,4,1021,2047,3068
2048,kary,2,4,762,2046,2808
2048,sliding,2,4,679,2047,2726
2048,kary,4,4,495,2044,2539
2048,sliding,4,4,410,2045,2455
2048,kary,6,4,398,2046,2444
2048,sliding,6,4,322,2045,2367
2048,kary,8,4,508,2040,2548
2048,sliding,8,4,351,2041,2392
2048,binary_lr,,5,968,2048,3016
2048,binary_rl,,5,968,2047,3015
2048,kary,2,5,737,2046,2783
2048,sliding,2,5,658,2047,2705
2048,kary,4,5,479,2044,2523
2048,sliding,4,5,405,2045,2450
2048,kary,6,5,396,2046,2442
2048,sliding,6,5,316,2043,2359
2048,kary,8,5,508,2040,2548
2048,sliding,8,5,348,2043,2391
2048,binary_lr,,6,1054,2048,3102
2048,binary_rl,,6,1054,2047,3101
2048,kary,2,6,786,2046,2832
2048,sliding,2,6,708,2047,2755
2048,kary,4,6,497,2044,2541
2048,sliding,4,6,418,2045,2463
2048,kary,6,6,397,2046,2443
2048,sliding,6,6,325,2043,2368
2048,kary,8,6,509,2040,2549
2048,sliding,8,6,355,2043,2398
2048,binary_lr,,7,1047,2048,3095
2048,binary_rl,,7,1047,2047,3094
2048,kary,2,7,782,2046,2828
2048,sliding,2,7,696,2047,2743
2048,kary,4,7,496,2044,2540
2048,sliding,4,7,424,2045,2469
2048,kary,6,7,399,2046,2445
2048,sliding,6,7,328,2043,2371
2048,kary,8,7,508,2040,2548
2048,sliding,8,7,357,2042,2399
2048,binary_lr,,8,996,2048,3044
2048,binary_rl,,8,996,2047,3043
2048,kary,2,8,753,2046,2799
2048,sliding,2,8,673,2048,2721
2048,kary,4,8,488,2044,2532
2048,sliding,4,8,416,2048,2464
2048,kary,6,8,397,2046,2443
2048,sliding,6,8,320,2043,2363
2048,kary,8,8,508,2040,2548
2048,sliding,8,8,349,2041,2390
2048,binary_lr,,9,1052,2048,3100
2048,binary_rl,,9,1052,2047,3099
2048,kary,2,9,779,2046,2825
2048,sliding,2,9,695,2048,2743
2048,kary,4,9,494,2044,2538
2048,sliding,4,9,424,2046,2470
2048,kary,6,9,397,2046,2443
2048,sliding,6,9,325,2043,2368
2048,kary,8,9,508,2040,2548
2048,sliding,8,9,355,2042,2397
2048,binary_lr,,10,1022,2048,3070
2048,binary_rl,,10,1022,2047,3069
2048,kary,2,10,775,2046,2821
2048,sliding,2,10,682,2047,2729
2048,kary,4,10,494,2044,2538
2048,sliding,4,10,410,2047,2457
2048,kary,6,10,398,2046,2444
2048,sliding,6,10,322,2044,2366
2048,kary,8,10,507,2040,2547
2048,sliding,8,10,352,2044,2396
2048,binary_lr,,11,1028,2048,3076
2048,binary_rl,,11,1028,2047,3075
2048,kary,2,11,767,2046,2813
2048,sliding,2,11,687,2048,2735
2048,kary,4,11,496,2044,2540
2048,sliding,4,11,419,2046,2465
2048,kary,6,11,396,2046,2442
2048,sliding,6,11,323,2046,2369
2048,kary,8,11,509,2040,2549
2048,sliding,8,11,354,2041,2395
2048,binary_lr,,12,1047,2048,3095
2048,binary_rl,,12,1047,2047,3094
2048,kary,2,12,769,2046,2815
2048,sliding,2,12,688,2047,2735
2048,kary,4,12,498,2044,2542
2048,sliding,4,12,417,2047,2464
2048,kary,6,12,400,2046,2446
2048,sliding,6,12,329,2043,2372
2048,kary,8,12,508,2040,2548
2048,sliding,8,12,356,2043,2399
2048,binary_lr,,13,1027,2048,3075
2048,binary_rl,,13,1027,2047,3074
2048,kary,2,13,758,2046,2804
2048,sliding,2,13,679,2048,2727
2048,kary,4,13,490,2044,2534
2048,sliding,4,13,422,2045,2467
2048,kary,6,13,401,2046,2447
2048,sliding,6,13,320,2044,2364
2048,kary,8,13,509,2040,2549
2048,sliding,8,13,352,2041,2393
2048,binary_lr,,14,984,2048,3032
2048,binary_rl,,14,984,2047,3031
2048,kary,2,14,741,2046,2787
2048,sliding,2,14,661,2048,2709
2048,kary,4,14,491,2044,2535
2048,sliding,4,14,415,2045,2460
2048,kary,6,14,397,2046,2443
2048,sliding,6,14,322,2043,2365
2048,kary,8,14,508,2040,2548
2048,sliding,8,14,353,2041,2394
2048,binary_lr,,15,1019,2048,3067
2048,binary_rl,,15,1019,2047,3066
2048,kary,2,15,770,2046,2816
2048,sliding,2,15,689,2047,2736
2048,kary,4,15,497,2044,2541
2048,sliding,4,15,419,2045,2464
2048,kary,6,15,399,2046,2445
2048,sliding,6,15,322,2045,2367
2048,kary,8,15,509,2040,2549
2048,sliding,8,15,354,2042,2396
2048,binary_lr,,16,1044,2048,3092
2048,binary_rl,,16,1044,2047,3091
2048,kary,2,16,786,2046,2832
2048,sliding,2,16,701,2048,2749
2048,kary,4,16,498,2044,2542
2048,sliding,4,16,418,2045,2463
2048,kary,6,16,401,2046,2447
2048,sliding,6,16,322,2044,2366
2048,kary,8,16,509,2040,2549
2048,sliding,8,16,354,2044,2398
2048,binary_lr,,17,1015,2048,3063
2048,binary_rl,,17,1015,2047,3062
2048,kary,2,17,765,2046,2811
2048,sliding,2,17,680,2048,2728
2048,kary,4,17,492,2044,2536
2048,sliding,4,17,417,2045,2462
2048,kary,6,17,396,2046,2442
2048,sliding,6,17,322,2044,2366
2048,kary,8,17,509,2040,2549
2048,sliding,8,17,356,2044,2400
2048,binary_lr,,18,1014,2048,3062
2048,binary_rl,,18,1014,2047,3061
2048,kary,2,18,773,2046,2819
2048,sliding,2,18,679,2048,2727
2048,kary,4,18,488,2044,2532
2048,sliding,4,18,410,2045,2455
2048,kary,6,18,394,2046,2440
2048,sliding,6,18,321,2045,2366
2048,kary,8,18,507,2040,2547
2048,sliding,8,18,351,2042,2393
2048,binary_lr,,19,1008,2048,3056
2048,binary_rl,,19,1008,2047,3055
2048,kary,2,19,760,2046,2806
2048,sliding,2,19,684,2048,2732
2048,kary,4,19,487,2044,2531
2048,sliding,4,19,413,2046,2459
2048,kary,6,19,396,2046,2442
2048,sliding,6,19,324,2043,2367
2048,kary,8,19,506,2040,2546
2048,sliding,8,19,355,2042,2397
4096,binary_lr,,0,2050,4096,6146
4096,binary_rl,,0,2050,4095,6145
4096,kary,2,0,1526,4094,5620
4096,sliding,2,0,1380,4096,5476
4096,kary,4,0,976,4092,5068
4096,sliding,4,0,828,4093,4921
4096,kary,6,0,731,4092,4823
4096,sliding,6,0,610,4091,4701
4096,kary,8,0,764,4088,4852
4096,sliding,8,0,585,4090,4675
4096,binary_lr,,1,2036,4096,6132
4096,binary_rl,,1,2036,4095,6131
4096,kary,2,1,1539,4094,5633
4096,sliding,2,1,1351,4096,5447
4096,kary,4,1,968,4092,5060
4096,sliding,4,1,820,4093,4913
4096,kary,6,1,736,4092,4828
4096,sliding,6,1,618,4091,4709
4096,kary,8,1,765,4088,4853
4096,sliding,8,1,580,4089,4669
4096,binary_lr,,2,2034,4096,6130
4096,binary_rl,,2,2034,4095,6129
4096,kary,2,2,1512,4094,5606
4096,sliding,2,2,1365,4095,5460
4096,kary,4,2,972,4092,5064
4096,sliding,4,2,824,4093,4917
4096,kary,6,2,733,4092,4825
4096,sliding,6,2,617,4093,4710
4096,kary,8,2,763,4088,4851
4096,sliding,8,2,581,4093,4674
4096,binary_lr,,3,2070,4096,6166
4096,binary_rl,,3,2070,4095,6165
4096,kary,2,3,1544,4094,5638
4096,sliding,2,3,1367,4096,5463
4096,kary,4,3,968,4092,5060
4096,sliding,4,3,832,4093,4925
4096,kary,6,3,732,4092,4824
4096,sliding,6,3,620,4091,4711
4096,kary,8,3,762,4088,4850
4096,sliding,8,3,583,4089,4672
4096,binary_lr,,4,2057,4096,6153
4096,binary_rl,,4,2057,4095,6152
4096,kary,2,4,1562,4094,5656
4096,sliding,2,4,1380,4095,5475
4096,kary,4,4,989,4092,5081
4096,sliding,4,4,836,4093,4929
4096,kary,6,4,734,4092,4826
4096,sliding,6,4,618,4092,4710
4096,kary,8,4,765,4088,4853
4096,sliding,8,4,586,4089,4675
4096,binary_lr,,5,2105,4096,6201
4096,binary_rl,,5,2105,4095,6200
4096,kary,2,5,1565,4094,5659
4096,sliding,2,5,1397,4096,5493
4096,kary,4,5,993,4092,5085
4096,sliding,4,5,830,4093,4923
4096,kary,6,5,737,4092,4829
4096,sliding,6,5,624,4093,4717
4096,kary,8,5,765,4088,4853
4096,sliding,8,5,586,4089,4675
4096,binary_lr,,6,2077,4096,6173
4096,binary_rl,,6,2077,4095,6172
4096,kary,2,6,1586,4094,5680
4096,sliding,2,6,1375,4095,5470
4096,kary,4,6,987,4092,5079
4096,sliding,4,6,833,4094,4927
4096,kary,6,6,738,4092,4830
4096,sliding,6,6,617,4091,4708
4096,kary,8,6,765,4088,4853
4096,sliding,8,6,589,4090,4679
4096,binary_lr,,7,2036,4096,6132
4096,binary_rl,,7,2036,4095,6131
4096,kary,2,7,1532,4094,5626
4096,sliding,2,7,1377,4095,5472
4096,kary,4,7,965,4092,5057
4096,sliding,4,7,822,4093,4915
4096,kary,6,7,734,4092,4826
4096,sliding,6,7,616,4092,4708
4096,kary,8,7,765,4088,4853
4096,sliding,8,7,577,4092,4669
4096,binary_lr,,8,2027,4096,6123
4096,binary_rl,,8,2027,4095,6122
4096,kary,2,8,1538,4094,5632
4096,sliding,2,8,1364,4096,5460
4096,kary,4,8,978,4092,5070
4096,sliding,4,8,827,4094,4921
4096,kary,6,8,736,4092,4828
4096,sliding,6,8,618,4092,4710
4096,kary,8,8,763,4088,4851
4096,sliding,8,8,582,4092,4674
4096,binary_lr,,9,2028,4096,6124
4096,binary_rl,,9,2028,4095,6123
4096,kary,2,9,1539,4094,5633
4096,sliding,2,9,1371,4095,5466
4096,kary,4,9,967,4092,5059
4096,sliding,4,9,827,4095,4922
4096,kary,6,9,729,4092,4821
4096,sliding,6,9,610,4091,4701
4096,kary,8,9,762,4088,4850
4096,sliding,8,9,579,4091,4670
4096,binary_lr,,10,2070,4096,6166
4096,binary_rl,,10,2070,4095,6165
4096,kary,2,10,1550,4094,5644
4096,sliding,2,10,1375,4096,5471
4096,kary,4,10,974,4092,5066
4096,sliding,4,10,831,4096,4927
4096,kary,6,10,738,4092,4830
4096,sliding,6,10,618,4091,4709
4096,kary,8,10,765,4088,4853
4096,sliding,8,10,585,4089,4674
4096,binary_lr,,11,2079,4096,6175
4096,binary_rl,,11,2079,4095,6174
4096,kary,2,11,1553,4094,5647
4096,sliding,2,11,1376,4096,5472
4096,kary,4,11,987,4092,5079
4096,sliding,4,11,832,4093,4925
4096,kary,6,11,734,4092,4826
4096,sliding,6,11,617,4091,4708
4096,kary,8,11,764,4088,4852
4096,sliding,8,11,584,4089,4673
4096,binary_lr,,12,2068,4096,6164
4096,binary_rl,,12,2068,4095,6163
4096,kary,2,12,1540,4094,5634
4096,sliding,2,12,1369,4096,5465
4096,kary,4,12,969,4092,5061
4096,sliding,4,12,819,4093,4912
4096,kary,6,12,728,4092,4820
4096,sliding,6,12,611,4091,4702
4096,kary,8,12,762,4088,4850
4096,sliding,8,12,581,4089,4670
4096,binary_lr,,13,2069,4096,6165
4096,binary_rl,,13,2069,4095,6164
4096,kary,2,13,1536,4094,5630
4096,sliding,2,13,1384,4096,5480
4096,kary,4,13,979,4092,5071
4096,sliding,4,13,831,4093,4924
4096,kary,6,13,733,4092,4825
4096,sliding,6,13,617,4091,4708
4096,kary,8,13,763,4088,4851
4096,sliding,8,13,585,4089,4674
4096,binary_lr,,14,2003,4096,6099
4096,binary_rl,,14,2003,4095,6098
4096,kary,2,14,1511,4094,5605
4096,sliding,2,14,1350,4096,5446
4096,kary,4,14,967,4092,5059
4096,sliding,4,14,826,4093,4919
4096,kary,6,14,735,4092,4827
4096,sliding,6,14,610,4092,4702
4096,kary,8,14,762,4088,4850
4096,sliding,8,14,579,4090,4669
4096,binary_lr,,15,2010,4096,6106
4096,binary_rl,,15,2010,4095,6105
4096,kary,2,15,1516,4094,5610
4096,sliding,2,15,1347,4095,5442
4096,kary,4,15,968,4092,5060
4096,sliding,4,15,812,4094,4906
4096,kary,6,15,726,4092,4818
4096,sliding,6,15,608,4092,4700
4096,kary,8,15,763,4088,4851
4096,sliding,8,15,574,4092,4666
4096,binary_lr,,16,2040,4096,6136
4096,binary_rl,,16,2040,4095,6135
4096,kary,2,16,1520,4094,5614
4096,sliding,2,16,1360,4096,5456
4096,kary,4,16,975,4092,5067
4096,sliding,4,16,827,4094,4921
4096,kary,6,16,736,4092,4828
4096,sliding,6,16,611,4091,4702
4096,kary,8,16,765,4088,4853
4096,sliding,8,16,579,4089,4668
4096,binary_lr,,17,2032,4096,6128
4096,binary_rl,,17,2032,4095,6127
4096,kary,2,17,1530,4094,5624
4096,sliding,2,17,1358,4095,5453
4096,kary,4,17,967,4092,5059
4096,sliding,4,17,822,4093,4915
4096,kary,6,17,733,4092,4825
4096,sliding,6,17,612,4093,4705
4096,kary,8,17,763,4088,4851
4096,sliding,8,17,584,4089,4673
4096,binary_lr,,18,2020,4096,6116
4096,binary_rl,,18,2020,4095,6115
4096,kary,2,18,1531,4094,5625
4096,sliding,2,18,1361,4096,5457
4096,kary,4,18,972,4092,5064
4096,sliding,4,18,821,4096,4917
4096,kary,6,18,736,4092,4828
4096,sliding,6,18,620,4096,4716
4096,kary,8,18,764,4088,4852
4096,sliding,8,18,581,4090,4671
4096,binary_lr,,19,2037,4096,6133
4096,binary_rl,,19,2037,4095,6132
4096,kary,2,19,1523,4094,5617
4096,sliding,2,19,1360,4096,5456
4096,kary,4,19,961,4092,5053
4096,sliding,4,19,817,4094,4911
4096,kary,6,19,733,4092,4825
4096,sliding,6,19,614,4091,4705
4096,kary,8,19,762,4088,4850
4096,sliding,8,19,576,4089,4665
