bit_size,exponent_type,hamming_weight,beta,algorithm,k,sample,multiplications,squarings,total_ops
1024,rsa_65537,2,17,binary_lr,,0,2,17,19
1024,rsa_65537,2,17,binary_rl,,0,2,16,18
1024,rsa_65537,2,17,kary,4,0,15,16,31
1024,rsa_65537,2,17,sliding,4,0,8,17,25
1024,rsa_65537,2,17,kary,6,0,63,12,75
1024,rsa_65537,2,17,sliding,6,0,32,17,49
1024,rsa_3,2,2,binary_lr,,0,2,2,4
1024,rsa_3,2,2,binary_rl,,0,2,1,3
1024,rsa_3,2,2,kary,4,0,14,0,14
1024,rsa_3,2,2,sliding,4,0,7,1,8
1024,rsa_3,2,2,kary,6,0,62,0,62
1024,rsa_3,2,2,sliding,6,0,31,1,32
1024,power_of_2,1,1024,binary_lr,,0,1,1024,1025
1024,power_of_2,1,1024,binary_rl,,0,1,1023,1024
1024,power_of_2,1,1024,kary,4,0,14,1020,1034
1024,power_of_2,1,1024,sliding,4,0,7,1024,1031
1024,power_of_2,1,1024,kary,6,0,62,1020,1082
1024,power_of_2,1,1024,sliding,6,0,31,1024,1055
1024,all_ones,1024,1024,binary_lr,,0,1024,1024,2048
1024,all_ones,1024,1024,binary_rl,,0,1024,1023,2047
1024,all_ones,1024,1024,kary,4,0,269,1020,1289
1024,all_ones,1024,1024,sliding,4,0,262,1021,1283
1024,all_ones,1024,1024,kary,6,0,232,1020,1252
1024,all_ones,1024,1024,sliding,6,0,201,1019,1220
1024,random,475,1024,binary_lr,,0,475,1024,1499
1024,random,475,1024,binary_rl,,0,475,1023,1498
1024,random,475,1024,kary,4,0,244,1020,1264
1024,random,475,1024,sliding,4,0,205,1022,1227
1024,random,475,1024,kary,6,0,228,1020,1248
1024,random,475,1024,sliding,6,0,172,1022,1194
1024,rsa_65537,2,17,binary_lr,,1,2,17,19
1024,rsa_65537,2,17,binary_rl,,1,2,16,18
1024,rsa_65537,2,17,kary,4,1,15,16,31
1024,rsa_65537,2,17,sliding,4,1,8,17,25
1024,rsa_65537,2,17,kary,6,1,63,12,75
1024,rsa_65537,2,17,sliding,6,1,32,17,49
1024,rsa_3,2,2,binary_lr,,1,2,2,4
1024,rsa_3,2,2,binary_rl,,1,2,1,3
1024,rsa_3,2,2,kary,4,1,14,0,14
1024,rsa_3,2,2,sliding,4,1,7,1,8
1024,rsa_3,2,2,kary,6,1,62,0,62
1024,rsa_3,2,2,sliding,6,1,31,1,32
1024,power_of_2,1,1024,binary_lr,,1,1,1024,1025
1024,power_of_2,1,1024,binary_rl,,1,1,1023,1024
1024,power_of_2,1,1024,kary,4,1,14,1020,1034
1024,power_of_2,1,1024,sliding,4,1,7,1024,1031
1024,power_of_2,1,1024,kary,6,1,62,1020,1082
1024,power_of_2,1,1024,sliding,6,1,31,1024,1055
1024,all_ones,1024,1024,binary_lr,,1,1024,1024,2048
1024,all_ones,1024,1024,binary_rl,,1,1024,1023,2047
1024,all_ones,1024,1024,kary,4,1,269,1020,1289
1024,all_ones,1024,1024,sliding,4,1,262,1021,1283
1024,all_ones,1024,1024,kary,6,1,232,1020,1252
1024,all_ones,1024,1024,sliding,6,1,201,1019,1220
1024,random,513,1024,binary_lr,,1,513,1024,1537
1024,random,513,1024,binary_rl,,1,513,1023,1536
1024,random,513,1024,kary,4,1,257,1020,1277
1024,random,513,1024,sliding,4,1,216,1022,1238
1024,random,513,1024,kary,6,1,228,1020,1248
1024,random,513,1024,sliding,6,1,183,1020,1203
1024,rsa_65537,2,17,binary_lr,,2,2,17,19
1024,rsa_65537,2,17,binary_rl,,2,2,16,18
1024,rsa_65537,2,17,kary,4,2,15,16,31
1024,rsa_65537,2,17,sliding,4,2,8,17,25
1024,rsa_65537,2,17,kary,6,2,63,12,75
1024,rsa_65537,2,17,sliding,6,2,32,17,49
1024,rsa_3,2,2,binary_lr,,2,2,2,4
1024,rsa_3,2,2,binary_rl,,2,2,1,3
1024,rsa_3,2,2,kary,4,2,14,0,14
1024,rsa_3,2,2,sliding,4,2,7,1,8
1024,rsa_3,2,2,kary,6,2,62,0,62
1024,rsa_3,2,2,sliding,6,2,31,1,32
1024,power_of_2,1,1024,binary_lr,,2,1,1024,1025
1024,power_of_2,1,1024,binary_rl,,2,1,1023,1024
1024,power_of_2,1,1024,kary,4,2,14,1020,1034
1024,power_of_2,1,1024,sliding,4,2,7,1024,1031
1024,power_of_2,1,1024,kary,6,2,62,1020,1082
1024,power_of_2,1,1024,sliding,6,2,31,1024,1055
1024,all_ones,1024,1024,binary_lr,,2,1024,1024,2048
1024,all_ones,1024,1024,binary_rl,,2,1024,1023,2047
1024,all_ones,1024,1024,kary,4,2,269,1020,1289
1024,all_ones,1024,1024,sliding,4,2,262,1021,1283
1024,all_ones,1024,1024,kary,6,2,232,1020,1252
1024,all_ones,1024,1024,sliding,6,2,201,1019,1220
1024,random,496,1024,binary_lr,,2,496,1024,1520
1024,random,496,1024,binary_rl,,2,496,1023,1519
1024,random,496,1024,kary,4,2,252,1020,1272
1024,random,496,1024,sliding,4,2,210,1022,1232
1024,random,496,1024,kary,6,2,228,1020,1248
1024,random,496,1024,sliding,6,2,172,1022,1194
1024,rsa_65537,2,17,binary_lr,,3,2,17,19
1024,rsa_65537,2,17,binary_rl,,3,2,16,18
1024,rsa_65537,2,17,kary,4,3,15,16,31
1024,rsa_65537,2,17,sliding,4,3,8,17,25
1024,rsa_65537,2,17,kary,6,3,63,12,75
1024,rsa_65537,2,17,sliding,6,3,32,17,49
1024,rsa_3,2,2,binary_lr,,3,2,2,4
1024,rsa_3,2,2,binary_rl,,3,2,1,3
1024,rsa_3,2,2,kary,4,3,14,0,14
1024,rsa_3,2,2,sliding,4,3,7,1,8
1024,rsa_3,2,2,kary,6,3,62,0,62
1024,rsa_3,2,2,sliding,6,3,31,1,32
1024,power_of_2,1,1024,binary_lr,,3,1,1024,1025
1024,power_of_2,1,1024,binary_rl,,3,1,1023,1024
1024,power_of_2,1,1024,kary,4,3,14,1020,1034
1024,power_of_2,1,1024,sliding,4,3,7,1024,1031
1024,power_of_2,1,1024,kary,6,3,62,1020,1082
1024,power_of_2,1,1024,sliding,6,3,31,1024,1055
1024,all_ones,1024,1024,binary_lr,,3,1024,1024,2048
1024,all_ones,1024,1024,binary_rl,,3,1024,1023,2047
1024,all_ones,1024,1024,kary,4,3,269,1020,1289
1024,all_ones,1024,1024,sliding,4,3,262,1021,1283
1024,all_ones,1024,1024,kary,6,3,232,1020,1252
1024,all_ones,1024,1024,sliding,6,3,201,1019,1220
1024,random,509,1024,binary_lr,,3,509,1024,1533
1024,random,509,1024,binary_rl,,3,509,1023,1532
1024,random,509,1024,kary,4,3,248,1020,1268
1024,random,509,1024,sliding,4,3,207,1022,1229
1024,random,509,1024,kary,6,3,229,1020,1249
1024,random,509,1024,sliding,6,3,177,1019,1196
1024,rsa_65537,2,17,binary_lr,,4,2,17,19
1024,rsa_65537,2,17,binary_rl,,4,2,16,18
1024,rsa_65537,2,17,kary,4,4,15,16,31
1024,rsa_65537,2,17,sliding,4,4,8,17,25
1024,rsa_65537,2,17,kary,6,4,63,12,75
1024,rsa_65537,2,17,sliding,6,4,32,17,49
1024,rsa_3,2,2,binary_lr,,4,2,2,4
1024,rsa_3,2,2,binary_rl,,4,2,1,3
1024,rsa_3,2,2,kary,4,4,14,0,14
1024,rsa_3,2,2,sliding,4,4,7,1,8
1024,rsa_3,2,2,kary,6,4,62,0,62
1024,rsa_3,2,2,sliding,6,4,31,1,32
1024,power_of_2,1,1024,binary_lr,,4,1,1024,1025
1024,power_of_2,1,1024,binary_rl,,4,1,1023,1024
1024,power_of_2,1,1024,kary,4,4,14,1020,1034
1024,power_of_2,1,1024,sliding,4,4,7,1024,1031
1024,power_of_2,1,1024,kary,6,4,62,1020,1082
1024,power_of_2,1,1024,sliding,6,4,31,1024,1055
1024,all_ones,1024,1024,binary_lr,,4,1024,1024,2048
1024,all_ones,1024,1024,binary_rl,,4,1024,1023,2047
1024,all_ones,1024,1024,kary,4,4,269,1020,1289
1024,all_ones,1024,1024,sliding,4,4,262,1021,1283
1024,all_ones,1024,1024,kary,6,4,232,1020,1252
1024,all_ones,1024,1024,sliding,6,4,201,1019,1220
1024,random,504,1024,binary_lr,,4,504,1024,1528
1024,random,504,1024,binary_rl,,4,504,1023,1527
1024,random,504,1024,kary,4,4,255,1020,1275
1024,random,504,1024,sliding,4,4,214,1022,1236
1024,random,504,1024,kary,6,4,230,1020,1250
1024,random,504,1024,sliding,6,4,179,1019,1198
1024,rsa_65537,2,17,binary_lr,,5,2,17,19
1024,rsa_65537,2,17,binary_rl,,5,2,16,18
1024,rsa_65537,2,17,kary,4,5,15,16,31
1024,rsa_65537,2,17,sliding,4,5,8,17,25
1024,rsa_65537,2,17,kary,6,5,63,12,75
1024,rsa_65537,2,17,sliding,6,5,32,17,49
1024,rsa_3,2,2,binary_lr,,5,2,2,4
1024,rsa_3,2,2,binary_rl,,5,2,1,3
1024,rsa_3,2,2,kary,4,5,14,0,14
1024,rsa_3,2,2,sliding,4,5,7,1,8
1024,rsa_3,2,2,kary,6,5,62,0,62
1024,rsa_3,2,2,sliding,6,5,31,1,32
1024,power_of_2,1,1024,binary_lr,,5,1,1024,1025
1024,power_of_2,1,1024,binary_rl,,5,1,1023,1024
1024,power_of_2,1,1024,kary,4,5,14,1020,1034
1024,power_of_2,1,1024,sliding,4,5,7,1024,1031
1024,power_of_2,1,1024,kary,6,5,62,1020,1082
1024,power_of_2,1,1024,sliding,6,5,31,1024,1055
1024,all_ones,1024,1024,binary_lr,,5,1024,1024,2048
1024,all_ones,1024,1024,binary_rl,,5,1024,1023,2047
1024,all_ones,1024,1024,kary,4,5,269,1020,1289
1024,all_ones,1024,1024,sliding,4,5,262,1021,1283
1024,all_ones,1024,1024,kary,6,5,232,1020,1252
1024,all_ones,1024,1024,sliding,6,5,201,1019,1220
1024,random,495,1024,binary_lr,,5,495,1024,1519
1024,random,495,1024,binary_rl,,5,495,1023,1518
1024,random,495,1024,kary,4,5,247,1020,1267
1024,random,495,1024,sliding,4,5,212,1024,1236
1024,random,495,1024,kary,6,5,229,1020,1249
1024,random,495,1024,sliding,6,5,175,1019,1194
1024,rsa_65537,2,17,binary_lr,,6,2,17,19
1024,rsa_65537,2,17,binary_rl,,6,2,16,18
1024,rsa_65537,2,17,kary,4,6,15,16,31
1024,rsa_65537,2,17,sliding,4,6,8,17,25
1024,rsa_65537,2,17,kary,6,6,63,12,75
1024,rsa_65537,2,17,sliding,6,6,32,17,49
1024,rsa_3,2,2,binary_lr,,6,2,2,4
1024,rsa_3,2,2,binary_rl,,6,2,1,3
1024,rsa_3,2,2,kary,4,6,14,0,14
1024,rsa_3,2,2,sliding,4,6,7,1,8
1024,rsa_3,2,2,kary,6,6,62,0,62
1024,rsa_3,2,2,sliding,6,6,31,1,32
1024,power_of_2,1,1024,binary_lr,,6,1,1024,1025
1024,power_of_2,1,1024,binary_rl,,6,1,1023,1024
1024,power_of_2,1,1024,kary,4,6,14,1020,1034
1024,power_of_2,1,1024,sliding,4,6,7,1024,1031
1024,power_of_2,1,1024,kary,6,6,62,1020,1082
1024,power_of_2,1,1024,sliding,6,6,31,1024,1055
1024,all_ones,1024,1024,binary_lr,,6,1024,1024,2048
1024,all_ones,1024,1024,binary_rl,,6,1024,1023,2047
1024,all_ones,1024,1024,kary,4,6,269,1020,1289
1024,all_ones,1024,1024,sliding,4,6,262,1021,1283
1024,all_ones,1024,1024,kary,6,6,232,1020,1252
1024,all_ones,1024,1024,sliding,6,6,201,1019,1220
1024,random,516,1024,binary_lr,,6,516,1024,1540
1024,random,516,1024,binary_rl,,6,516,1023,1539
1024,random,516,1024,kary,4,6,253,1020,1273
1024,random,516,1024,sliding,4,6,209,1024,1233
1024,random,516,1024,kary,6,6,231,1020,1251
1024,random,516,1024,sliding,6,6,178,1024,1202
1024,rsa_65537,2,17,binary_lr,,7,2,17,19
1024,rsa_65537,2,17,binary_rl,,7,2,16,18
1024,rsa_65537,2,17,kary,4,7,15,16,31
1024,rsa_65537,2,17,sliding,4,7,8,17,25
1024,rsa_65537,2,17,kary,6,7,63,12,75
1024,rsa_65537,2,17,sliding,6,7,32,17,49
1024,rsa_3,2,2,binary_lr,,7,2,2,4
1024,rsa_3,2,2,binary_rl,,7,2,1,3
1024,rsa_3,2,2,kary,4,7,14,0,14
1024,rsa_3,2,2,sliding,4,7,7,1,8
1024,rsa_3,2,2,kary,6,7,62,0,62
1024,rsa_3,2,2,sliding,6,7,31,1,32
1024,power_of_2,1,1024,binary_lr,,7,1,1024,1025
1024,power_of_2,1,1024,binary_rl,,7,1,1023,1024
1024,power_of_2,1,1024,kary,4,7,14,1020,1034
1024,power_of_2,1,1024,sliding,4,7,7,1024,1031
1024,power_of_2,1,1024,kary,6,7,62,1020,1082
1024,power_of_2,1,1024,sliding,6,7,31,1024,1055
1024,all_ones,1024,1024,binary_lr,,7,1024,1024,2048
1024,all_ones,1024,1024,binary_rl,,7,1024,1023,2047
1024,all_ones,1024,1024,kary,4,7,269,1020,1289
1024,all_ones,1024,1024,sliding,4,7,262,1021,1283
1024,all_ones,1024,1024,kary,6,7,232,1020,1252
1024,all_ones,1024,1024,sliding,6,7,201,1019,1220
1024,random,531,1024,binary_lr,,7,531,1024,1555
1024,random,531,1024,binary_rl,,7,531,1023,1554
1024,random,531,1024,kary,4,7,252,1020,1272
1024,random,531,1024,sliding,4,7,219,1023,1242
1024,random,531,1024,kary,6,7,230,1020,1250
1024,random,531,1024,sliding,6,7,177,1019,1196
1024,rsa_65537,2,17,binary_lr,,8,2,17,19
1024,rsa_65537,2,17,binary_rl,,8,2,16,18
1024,rsa_65537,2,17,kary,4,8,15,16,31
1024,rsa_65537,2,17,sliding,4,8,8,17,25
1024,rsa_65537,2,17,kary,6,8,63,12,75
1024,rsa_65537,2,17,sliding,6,8,32,17,49
1024,rsa_3,2,2,binary_lr,,8,2,2,4
1024,rsa_3,2,2,binary_rl,,8,2,1,3
1024,rsa_3,2,2,kary,4,8,14,0,14
1024,rsa_3,2,2,sliding,4,8,7,1,8
1024,rsa_3,2,2,kary,6,8,62,0,62
1024,rsa_3,2,2,sliding,6,8,31,1,32
1024,power_of_2,1,1024,binary_lr,,8,1,1024,1025
1024,power_of_2,1,1024,binary_rl,,8,1,1023,1024
1024,power_of_2,1,1024,kary,4,8,14,1020,1034
1024,power_of_2,1,1024,sliding,4,8,7,1024,1031
1024,power_of_2,1,1024,kary,6,8,62,1020,1082
1024,power_of_2,1,1024,sliding,6,8,31,1024,1055
1024,all_ones,1024,1024,binary_lr,,8,1024,1024,2048
1024,all_ones,1024,1024,binary_rl,,8,1024,1023,2047
1024,all_ones,1024,1024,kary,4,8,269,1020,1289
1024,all_ones,1024,1024,sliding,4,8,262,1021,1283
1024,all_ones,1024,1024,kary,6,8,232,1020,1252
1024,all_ones,1024,1024,sliding,6,8,201,1019,1220
1024,random,512,1024,binary_lr,,8,512,1024,1536
1024,random,512,1024,binary_rl,,8,512,1023,1535
1024,random,512,1024,kary,4,8,258,1020,1278
1024,random,512,1024,sliding,4,8,217,1021,1238
1024,random,512,1024,kary,6,8,231,1020,1251
1024,random,512,1024,sliding,6,8,177,1019,1196
1024,rsa_65537,2,17,binary_lr,,9,2,17,19
1024,rsa_65537,2,17,binary_rl,,9,2,16,18
1024,rsa_65537,2,17,kary,4,9,15,16,31
1024,rsa_65537,2,17,sliding,4,9,8,17,25
1024,rsa_65537,2,17,kary,6,9,63,12,75
1024,rsa_65537,2,17,sliding,6,9,32,17,49
1024,rsa_3,2,2,binary_lr,,9,2,2,4
1024,rsa_3,2,2,binary_rl,,9,2,1,3
1024,rsa_3,2,2,kary,4,9,14,0,14
1024,rsa_3,2,2,sliding,4,9,7,1,8
1024,rsa_3,2,2,kary,6,9,62,0,62
1024,rsa_3,2,2,sliding,6,9,31,1,32
1024,power_of_2,1,1024,binary_lr,,9,1,1024,1025
1024,power_of_2,1,1024,binary_rl,,9,1,1023,1024
1024,power_of_2,1,1024,kary,4,9,14,1020,1034
1024,power_of_2,1,1024,sliding,4,9,7,1024,1031
1024,power_of_2,1,1024,kary,6,9,62,1020,1082
1024,power_of_2,1,1024,sliding,6,9,31,1024,1055
1024,all_ones,1024,1024,binary_lr,,9,1024,1024,2048
1024,all_ones,1024,1024,binary_rl,,9,1024,1023,2047
1024,all_ones,1024,1024,kary,4,9,269,1020,1289
1024,all_ones,1024,1024,sliding,4,9,262,1021,1283
1024,all_ones,1024,1024,kary,6,9,232,1020,1252
1024,all_ones,1024,1024,sliding,6,9,201,1019,1220
1024,random,513,1024,binary_lr,,9,513,1024,1537
1024,random,513,1024,binary_rl,,9,513,1023,1536
1024,random,513,1024,kary,4,9,253,1020,1273
1024,random,513,1024,sliding,4,9,208,1021,1229
1024,random,513,1024,kary,6,9,230,1020,1250
1024,random,513,1024,sliding,6,9,173,1021,1194
1024,rsa_65537,2,17,binary_lr,,10,2,17,19
1024,rsa_65537,2,17,binary_rl,,10,2,16,18
1024,rsa_65537,2,17,kary,4,10,15,16,31
1024,rsa_65537,2,17,sliding,4,10,8,17,25
1024,rsa_65537,2,17,kary,6,10,63,12,75
1024,rsa_65537,2,17,sliding,6,10,32,17,49
1024,rsa_3,2,2,binary_lr,,10,2,2,4
1024,rsa_3,2,2,binary_rl,,10,2,1,3
1024,rsa_3,2,2,kary,4,10,14,0,14
1024,rsa_3,2,2,sliding,4,10,7,1,8
1024,rsa_3,2,2,kary,6,10,62,0,62
1024,rsa_3,2,2,sliding,6,10,31,1,32
1024,power_of_2,1,1024,binary_lr,,10,1,1024,1025
1024,power_of_2,1,1024,binary_rl,,10,1,1023,1024
1024,power_of_2,1,1024,kary,4,10,14,1020,1034
1024,power_of_2,1,1024,sliding,4,10,7,1024,1031
1024,power_of_2,1,1024,kary,6,10,62,1020,1082
1024,power_of_2,1,1024,sliding,6,10,31,1024,1055
1024,all_ones,1024,1024,binary_lr,,10,1024,1024,2048
1024,all_ones,1024,1024,binary_rl,,10,1024,1023,2047
1024,all_ones,1024,1024,kary,4,10,269,1020,1289
1024,all_ones,1024,1024,sliding,4,10,262,1021,1283
1024,all_ones,1024,1024,kary,6,10,232,1020,1252
1024,all_ones,1024,1024,sliding,6,10,201,1019,1220
1024,random,529,1024,binary_lr,,10,529,1024,1553
1024,random,529,1024,binary_rl,,10,529,1023,1552
1024,random,529,1024,kary,4,10,257,1020,1277
1024,random,529,1024,sliding,4,10,217,1021,1238
1024,random,529,1024,kary,6,10,230,1020,1250
1024,random,529,1024,sliding,6,10,176,1019,1195
1024,rsa_65537,2,17,binary_lr,,11,2,17,19
1024,rsa_65537,2,17,binary_rl,,11,2,16,18
1024,rsa_65537,2,17,kary,4,11,15,16,31
1024,rsa_65537,2,17,sliding,4,11,8,17,25
1024,rsa_65537,2,17,kary,6,11,63,12,75
1024,rsa_65537,2,17,sliding,6,11,32,17,49
1024,rsa_3,2,2,binary_lr,,11,2,2,4
1024,rsa_3,2,2,binary_rl,,11,2,1,3
1024,rsa_3,2,2,kary,4,11,14,0,14
1024,rsa_3,2,2,sliding,4,11,7,1,8
1024,rsa_3,2,2,kary,6,11,62,0,62
1024,rsa_3,2,2,sliding,6,11,31,1,32
1024,power_of_2,1,1024,binary_lr,,11,1,1024,1025
1024,power_of_2,1,1024,binary_rl,,11,1,1023,1024
1024,power_of_2,1,1024,kary,4,11,14,1020,1034
1024,power_of_2,1,1024,sliding,4,11,7,1024,1031
1024,power_of_2,1,1024,kary,6,11,62,1020,1082
1024,power_of_2,1,1024,sliding,6,11,31,1024,1055
1024,all_ones,1024,1024,binary_lr,,11,1024,1024,2048
1024,all_ones,1024,1024,binary_rl,,11,1024,1023,2047
1024,all_ones,1024,1024,kary,4,11,269,1020,1289
1024,all_ones,1024,1024,sliding,4,11,262,1021,1283
1024,all_ones,1024,1024,kary,6,11,232,1020,1252
1024,all_ones,1024,1024,sliding,6,11,201,1019,1220
1024,random,513,1024,binary_lr,,11,513,1024,1537
1024,random,513,1024,binary_rl,,11,513,1023,1536
1024,random,513,1024,kary,4,11,250,1020,1270
1024,random,513,1024,sliding,4,11,213,1021,1234
1024,random,513,1024,kary,6,11,232,1020,1252
1024,random,513,1024,sliding,6,11,180,1019,1199
1024,rsa_65537,2,17,binary_lr,,12,2,17,19
1024,rsa_65537,2,17,binary_rl,,12,2,16,18
1024,rsa_65537,2,17,kary,4,12,15,16,31
1024,rsa_65537,2,17,sliding,4,12,8,17,25
1024,rsa_65537,2,17,kary,6,12,63,12,75
1024,rsa_65537,2,17,sliding,6,12,32,17,49
1024,rsa_3,2,2,binary_lr,,12,2,2,4
1024,rsa_3,2,2,binary_rl,,12,2,1,3
1024,rsa_3,2,2,kary,4,12,14,0,14
1024,rsa_3,2,2,sliding,4,12,7,1,8
1024,rsa_3,2,2,kary,6,12,62,0,62
1024,rsa_3,2,2,sliding,6,12,31,1,32
1024,power_of_2,1,1024,binary_lr,,12,1,1024,1025
1024,power_of_2,1,1024,binary_rl,,12,1,1023,1024
1024,power_of_2,1,1024,kary,4,12,14,1020,1034
1024,power_of_2,1,1024,sliding,4,12,7,1024,1031
1024,power_of_2,1,1024,kary,6,12,62,1020,1082
1024,power_of_2,1,1024,sliding,6,12,31,1024,1055
1024,all_ones,1024,1024,binary_lr,,12,1024,1024,2048
1024,all_ones,1024,1024,binary_rl,,12,1024,1023,2047
1024,all_ones,1024,1024,kary,4,12,269,1020,1289
1024,all_ones,1024,1024,sliding,4,12,262,1021,1283
1024,all_ones,1024,1024,kary,6,12,232,1020,1252
1024,all_ones,1024,1024,sliding,6,12,201,1019,1220
1024,random,532,1024,binary_lr,,12,532,1024,1556
1024,random,532,1024,binary_rl,,12,532,1023,1555
1024,random,532,1024,kary,4,12,259,1020,1279
1024,random,532,1024,sliding,4,12,222,1021,1243
1024,random,532,1024,kary,6,12,228,1020,1248
1024,random,532,1024,sliding,6,12,179,1020,1199
1024,rsa_65537,2,17,binary_lr,,13,2,17,19
1024,rsa_65537,2,17,binary_rl,,13,2,16,18
1024,rsa_65537,2,17,kary,4,13,15,16,31
1024,rsa_65537,2,17,sliding,4,13,8,17,25
1024,rsa_65537,2,17,kary,6,13,63,12,75
1024,rsa_65537,2,17,sliding,6,13,32,17,49
1024,rsa_3,2,2,binary_lr,,13,2,2,4
1024,rsa_3,2,2,binary_rl,,13,2,1,3
1024,rsa_3,2,2,kary,4,13,14,0,14
1024,rsa_3,2,2,sliding,4,13,7,1,8
1024,rsa_3,2,2,kary,6,13,62,0,62
1024,rsa_3,2,2,sliding,6,13,31,1,32
1024,power_of_2,1,1024,binary_lr,,13,1,1024,1025
1024,power_of_2,1,1024,binary_rl,,13,1,1023,1024
1024,power_of_2,1,1024,kary,4,13,14,1020,1034
1024,power_of_2,1,1024,sliding,4,13,7,1024,1031
1024,power_of_2,1,1024,kary,6,13,62,1020,1082
1024,power_of_2,1,1024,sliding,6,13,31,1024,1055
1024,all_ones,1024,1024,binary_lr,,13,1024,1024,2048
1024,all_ones,1024,1024,binary_rl,,13,1024,1023,2047
1024,all_ones,1024,1024,kary,4,13,269,1020,1289
1024,all_ones,1024,1024,sliding,4,13,262,1021,1283
1024,all_ones,1024,1024,kary,6,13,232,1020,1252
1024,all_ones,1024,1024,sliding,6,13,201,1019,1220
1024,random,497,1024,binary_lr,,13,497,1024,1521
1024,random,497,1024,binary_rl,,13,497,1023,1520
1024,random,497,1024,kary,4,13,251,1020,1271
1024,random,497,1024,sliding,4,13,205,1021,1226
1024,random,497,1024,kary,6,13,229,1020,1249
1024,random,497,1024,sliding,6,13,173,1021,1194
1024,rsa_65537,2,17,binary_lr,,14,2,17,19
1024,rsa_65537,2,17,binary_rl,,14,2,16,18
1024,rsa_65537,2,17,kary,4,14,15,16,31
1024,rsa_65537,2,17,sliding,4,14,8,17,25
1024,rsa_65537,2,17,kary,6,14,63,12,75
1024,rsa_65537,2,17,sliding,6,14,32,17,49
1024,rsa_3,2,2,binary_lr,,14,2,2,4
1024,rsa_3,2,2,binary_rl,,14,2,1,3
1024,rsa_3,2,2,kary,4,14,14,0,14
1024,rsa_3,2,2,sliding,4,14,7,1,8
1024,rsa_3,2,2,kary,6,14,62,0,62
1024,rsa_3,2,2,sliding,6,14,31,1,32
1024,power_of_2,1,1024,binary_lr,,14,1,1024,1025
1024,power_of_2,1,1024,binary_rl,,14,1,1023,1024
1024,power_of_2,1,1024,kary,4,14,14,1020,1034
1024,power_of_2,1,1024,sliding,4,14,7,1024,1031
1024,power_of_2,1,1024,kary,6,14,62,1020,1082
1024,power_of_2,1,1024,sliding,6,14,31,1024,1055
1024,all_ones,1024,1024,binary_lr,,14,1024,1024,2048
1024,all_ones,1024,1024,binary_rl,,14,1024,1023,2047
1024,all_ones,1024,1024,kary,4,14,269,1020,1289
1024,all_ones,1024,1024,sliding,4,14,262,1021,1283
1024,all_ones,1024,1024,kary,6,14,232,1020,1252
1024,all_ones,1024,1024,sliding,6,14,201,1019,1220
1024,random,516,1024,binary_lr,,14,516,1024,1540
1024,random,516,1024,binary_rl,,14,516,1023,1539
1024,random,516,1024,kary,4,14,253,1020,1273
1024,random,516,1024,sliding,4,14,211,1021,1232
1024,random,516,1024,kary,6,14,228,1020,1248
1024,random,516,1024,sliding,6,14,175,1019,1194
1024,rsa_65537,2,17,binary_lr,,15,2,17,19
1024,rsa_65537,2,17,binary_rl,,15,2,16,18
1024,rsa_65537,2,17,kary,4,15,15,16,31
1024,rsa_65537,2,17,sliding,4,15,8,17,25
1024,rsa_65537,2,17,kary,6,15,63,12,75
1024,rsa_65537,2,17,sliding,6,15,32,17,49
1024,rsa_3,2,2,binary_lr,,15,2,2,4
1024,rsa_3,2,2,binary_rl,,15,2,1,3
1024,rsa_3,2,2,kary,4,15,14,0,14
1024,rsa_3,2,2,sliding,4,15,7,1,8
1024,rsa_3,2,2,kary,6,15,62,0,62
1024,rsa_3,2,2,sliding,6,15,31,1,32
1024,power_of_2,1,1024,binary_lr,,15,1,1024,1025
1024,power_of_2,1,1024,binary_rl,,15,1,1023,1024
1024,power_of_2,1,1024,kary,4,15,14,1020,1034
1024,power_of_2,1,1024,sliding,4,15,7,1024,1031
1024,power_of_2,1,1024,kary,6,15,62,1020,1082
1024,power_of_2,1,1024,sliding,6,15,31,1024,1055
1024,all_ones,1024,1024,binary_lr,,15,1024,1024,2048
1024,all_ones,1024,1024,binary_rl,,15,1024,1023,2047
1024,all_ones,1024,1024,kary,4,15,269,1020,1289
1024,all_ones,1024,1024,sliding,4,15,262,1021,1283
1024,all_ones,1024,1024,kary,6,15,232,1020,1252
1024,all_ones,1024,1024,sliding,6,15,201,1019,1220
1024,random,489,1024,binary_lr,,15,489,1024,1513
1024,random,489,1024,binary_rl,,15,489,1023,1512
1024,random,489,1024,kary,4,15,252,1020,1272
1024,random,489,1024,sliding,4,15,208,1021,1229
1024,random,489,1024,kary,6,15,229,1020,1249
1024,random,489,1024,sliding,6,15,176,1021,1197
1024,rsa_65537,2,17,binary_lr,,16,2,17,19
1024,rsa_65537,2,17,binary_rl,,16,2,16,18
1024,rsa_65537,2,17,kary,4,16,15,16,31
1024,rsa_65537,2,17,sliding,4,16,8,17,25
1024,rsa_65537,2,17,kary,6,16,63,12,75
1024,rsa_65537,2,17,sliding,6,16,32,17,49
1024,rsa_3,2,2,binary_lr,,16,2,2,4
1024,rsa_3,2,2,binary_rl,,16,2,1,3
1024,rsa_3,2,2,kary,4,16,14,0,14
1024,rsa_3,2,2,sliding,4,16,7,1,8
1024,rsa_3,2,2,kary,6,16,62,0,62
1024,rsa_3,2,2,sliding,6,16,31,1,32
1024,power_of_2,1,1024,binary_lr,,16,1,1024,1025
1024,power_of_2,1,1024,binary_rl,,16,1,1023,1024
1024,power_of_2,1,1024,kary,4,16,14,1020,1034
1024,power_of_2,1,1024,sliding,4,16,7,1024,1031
1024,power_of_2,1,1024,kary,6,16,62,1020,1082
1024,power_of_2,1,1024,sliding,6,16,31,1024,1055
1024,all_ones,1024,1024,binary_lr,,16,1024,1024,2048
1024,all_ones,1024,1024,binary_rl,,16,1024,1023,2047
1024,all_ones,1024,1024,kary,4,16,269,1020,1289
1024,all_ones,1024,1024,sliding,4,16,262,1021,1283
1024,all_ones,1024,1024,kary,6,16,232,1020,1252
1024,all_ones,1024,1024,sliding,6,16,201,1019,1220
1024,random,504,1024,binary_lr,,16,504,1024,1528
1024,random,504,1024,binary_rl,,16,504,1023,1527
1024,random,504,1024,kary,4,16,248,1020,1268
1024,random,504,1024,sliding,4,16,211,1021,1232
1024,random,504,1024,kary,6,16,227,1020,1247
1024,random,504,1024,sliding,6,16,171,1020,1191
1024,rsa_65537,2,17,binary_lr,,17,2,17,19
1024,rsa_65537,2,17,binary_rl,,17,2,16,18
1024,rsa_65537,2,17,kary,4,17,15,16,31
1024,rsa_65537,2,17,sliding,4,17,8,17,25
1024,rsa_65537,2,17,kary,6,17,63,12,75
1024,rsa_65537,2,17,sliding,6,17,32,17,49
1024,rsa_3,2,2,binary_lr,,17,2,2,4
1024,rsa_3,2,2,binary_rl,,17,2,1,3
1024,rsa_3,2,2,kary,4,17,14,0,14
1024,rsa_3,2,2,sliding,4,17,7,1,8
1024,rsa_3,2,2,kary,6,17,62,0,62
1024,rsa_3,2,2,sliding,6,17,31,1,32
1024,power_of_2,1,1024,binary_lr,,17,1,1024,1025
1024,power_of_2,1,1024,binary_rl,,17,1,1023,1024
1024,power_of_2,1,1024,kary,4,17,14,1020,1034
1024,power_of_2,1,1024,sliding,4,17,7,1024,1031
1024,power_of_2,1,1024,kary,6,17,62,1020,1082
1024,power_of_2,1,1024,sliding,6,17,31,1024,1055
1024,all_ones,1024,1024,binary_lr,,17,1024,1024,2048
1024,all_ones,1024,1024,binary_rl,,17,1024,1023,2047
1024,all_ones,1024,1024,kary,4,17,269,1020,1289
1024,all_ones,1024,1024,sliding,4,17,262,1021,1283
1024,all_ones,1024,1024,kary,6,17,232,1020,1252
1024,all_ones,1024,1024,sliding,6,17,201,1019,1220
1024,random,486,1024,binary_lr,,17,486,1024,1510
1024,random,486,1024,binary_rl,,17,486,1023,1509
1024,random,486,1024,kary,4,17,243,1020,1263
1024,random,486,1024,sliding,4,17,206,1021,1227
1024,random,486,1024,kary,6,17,225,1020,1245
1024,random,486,1024,sliding,6,17,173,1019,1192
1024,rsa_65537,2,17,binary_lr,,18,2,17,19
1024,rsa_65537,2,17,binary_rl,,18,2,16,18
1024,rsa_65537,2,17,kary,4,18,15,16,31
1024,rsa_65537,2,17,sliding,4,18,8,17,25
1024,rsa_65537,2,17,kary,6,18,63,12,75
1024,rsa_65537,2,17,sliding,6,18,32,17,49
1024,rsa_3,2,2,binary_lr,,18,2,2,4
1024,rsa_3,2,2,binary_rl,,18,2,1,3
1024,rsa_3,2,2,kary,4,18,14,0,14
1024,rsa_3,2,2,sliding,4,18,7,1,8
1024,rsa_3,2,2,kary,6,18,62,0,62
1024,rsa_3,2,2,sliding,6,18,31,1,32
1024,power_of_2,1,1024,binary_lr,,18,1,1024,1025
1024,power_of_2,1,1024,binary_rl,,18,1,1023,1024
1024,power_of_2,1,1024,kary,4,18,14,1020,1034
1024,power_of_2,1,1024,sliding,4,18,7,1024,1031
1024,power_of_2,1,1024,kary,6,18,62,1020,1082
1024,power_of_2,1,1024,sliding,6,18,31,1024,1055
1024,all_ones,1024,1024,binary_lr,,18,1024,1024,2048
1024,all_ones,1024,1024,binary_rl,,18,1024,1023,2047
1024,all_ones,1024,1024,kary,4,18,269,1020,1289
1024,all_ones,1024,1024,sliding,4,18,262,1021,1283
1024,all_ones,1024,1024,kary,6,18,232,1020,1252
1024,all_ones,1024,1024,sliding,6,18,201,1019,1220
1024,random,527,1024,binary_lr,,18,527,1024,1551
1024,random,527,1024,binary_rl,,18,527,1023,1550
1024,random,527,1024,kary,4,18,249,1020,1269
1024,random,527,1024,sliding,4,18,210,1021,1231
1024,random,527,1024,kary,6,18,228,1020,1248
1024,random,527,1024,sliding,6,18,173,1021,1194
1024,rsa_65537,2,17,binary_lr,,19,2,17,19
1024,rsa_65537,2,17,binary_rl,,19,2,16,18
1024,rsa_65537,2,17,kary,4,19,15,16,31
1024,rsa_65537,2,17,sliding,4,19,8,17,25
1024,rsa_65537,2,17,kary,6,19,63,12,75
1024,rsa_65537,2,17,sliding,6,19,32,17,49
1024,rsa_3,2,2,binary_lr,,19,2,2,4
1024,rsa_3,2,2,binary_rl,,19,2,1,3
1024,rsa_3,2,2,kary,4,19,14,0,14
1024,rsa_3,2,2,sliding,4,19,7,1,8
1024,rsa_3,2,2,kary,6,19,62,0,62
1024,rsa_3,2,2,sliding,6,19,31,1,32
1024,power_of_2,1,1024,binary_lr,,19,1,1024,1025
1024,power_of_2,1,1024,binary_rl,,19,1,1023,1024
1024,power_of_2,1,1024,kary,4,19,14,1020,1034
1024,power_of_2,1,1024,sliding,4,19,7,1024,1031
1024,power_of_2,1,1024,kary,6,19,62,1020,1082
1024,power_of_2,1,1024,sliding,6,19,31,1024,1055
1024,all_ones,1024,1024,binary_lr,,19,1024,1024,2048
1024,all_ones,1024,1024,binary_rl,,19,1024,1023,2047
1024,all_ones,1024,1024,kary,4,19,269,1020,1289
1024,all_ones,1024,1024,sliding,4,19,262,1021,1283
1024,all_ones,1024,1024,kary,6,19,232,1020,1252
1024,all_ones,1024,1024,sliding,6,19,201,1019,1220
1024,random,538,1024,binary_lr,,19,538,1024,1562
1024,random,538,1024,binary_rl,,19,538,1023,1561
1024,random,538,1024,kary,4,19,256,1020,1276
1024,random,538,1024,sliding,4,19,217,1024,1241
1024,random,538,1024,kary,6,19,230,1020,1250
1024,random,538,1024,sliding,6,19,179,1024,1203
